contestant_key,season,celebrity_name,age,age_z,region,country_group,industry,industry_consolidated,ballroom_partner,mean_J_z,mean_p_hat,mean_p_hat_z,max_week,eliminated_any,elim_week,duration,event,finalist
10||aiden turner||edyta sliwinska,10,Aiden Turner,32,-0.33275859161852656,International,International,Actor/Actress,Actor/Actress,Edyta Sliwinska,-0.6875907098381897,0.041787120909540926,-0.4853091032101615,4,1,4.0,4,1,0
10||buzz aldrin||ashly delgrosso,10,Buzz Aldrin,80,3.397092503940093,Northeast,US,Astronaut,Other_Industry,Ashly DelGrosso,-1.8177318719593571,0.05132063871280337,-0.4266293420371035,3,1,3.0,3,1,0
10||chad ochocinco||cheryl burke,10,Chad Ochocinco,32,-0.33275859161852656,South,US,Athlete,Athlete,Cheryl Burke,-0.43139397857759054,0.03915681103270211,-0.5014989251173717,9,1,9.0,9,1,0
10||erin andrews||maksim chmerkoskiy,10,Erin Andrews,32,-0.33275859161852656,Northeast,US,Sports Broadcaster,Other_Industry,Maksim Chmerkoskiy,0.2041222808903859,0.04441255799292225,-0.4691492738368964,10,0,,10,0,1
10||evan lysacek||anna trebunskaya,10,Evan Lysacek,24,-0.9544004408782966,Midwest,US,Athlete,Athlete,Anna Trebunskaya,0.7526468463675672,0.07408370237869799,-0.28652039515658134,10,0,,10,0,1
10||jake pavelka||chelsie hightower,10,Jake Pavelka,32,-0.33275859161852656,South,US,TV Personality,Tv Personality,Chelsie Hightower,-0.15288439457507508,0.04334378728657995,-0.4757276650552424,6,1,6.0,6,1,0
10||kate gosselin||tony dovolani,10,Kate Gosselin,35,-0.09964289814611284,Northeast,US,TV Personality,Tv Personality,Tony Dovolani,-1.2819298445901213,0.04210084318388682,-0.48337811105037487,5,1,5.0,5,1,0
10||nicole scherzinger||derek hough,10,Nicole Scherzinger,31,-0.4104638227759978,West,US,Singer/Rapper,Singer/Rapper,Derek Hough,1.3973480690762043,0.6956730733619108,3.5394247165758728,10,0,,10,0,1
10||niecy nash||louis van amstel,10,Niecy Nash,40,0.2888832576412434,West,US,Actor/Actress,Actor/Actress,Louis van Amstel,-0.6704330131187103,0.03935147699505756,-0.5003007365352272,8,1,8.0,8,1,0
10||pamela anderson||damian whitewood,10,Pamela Anderson,42,0.4442937199561859,International,International,Model,Model,Damian Whitewood,0.2208546237909983,0.04477888205978851,-0.4668945123522848,7,1,7.0,7,1,0
10||shannen doherty||mark ballas,10,Shannen Doherty,38,0.1334727953263009,South,US,Actor/Actress,Actor/Actress,Mark Ballas,-0.1553151860493489,0.04297701678795015,-0.47798517437227067,2,1,2.0,2,1,0
11||audrina patridge||tony dovolani,11,Audrina Patridge,25,-0.8766952097208253,West,US,TV Personality,Tv Personality,Tony Dovolani,0.6604124969026972,0.05836496864562667,-0.3832707826246651,6,1,6.0,6,1,0
11||brandy||maksim chmerkoskiy,11,Brandy,31,-0.4104638227759978,South,US,Singer/Rapper,Singer/Rapper,Maksim Chmerkoskiy,0.9528639999472774,0.11634376768351494,-0.026405441744957944,9,1,9.0,9,1,0
11||bristol palin||mark ballas,11,Bristol Palin,19,-1.3429265966656527,West,US,TV Personality,Tv Personality,Mark Ballas,-0.9542646970622275,0.051418492016461995,-0.4260270451088156,10,0,,10,0,1
11||david hasselhoff||kym johnson,11,David Hasselhoff,58,1.6875774184757257,South,US,Actor/Actress,Actor/Actress,Kym Johnson,-1.2139394957738219,0.0535353233612313,-0.4129977352236232,1,1,1.0,1,1,0
11||florence henderson||corky ballas,11,Florence Henderson,76,3.0862715793102082,Midwest,US,Actor/Actress,Actor/Actress,Corky Ballas,-0.5365810334329011,0.04370218907341628,-0.47352166600121465,5,1,5.0,5,1,0
11||jennifer grey||derek hough,11,Jennifer Grey,50,1.0659355692159558,Northeast,US,Actor/Actress,Actor/Actress,Derek Hough,1.0765017433427841,0.5883195822924451,2.8786531790334005,10,0,,10,0,1
11||kurt warner||anna trebunskaya,11,Kurt Warner,39,0.21117802648377215,Midwest,US,Athlete,Athlete,Anna Trebunskaya,-0.30344758283219264,0.05267897698322317,-0.4182686333306927,8,1,8.0,8,1,0
11||kyle massey||lacey schwimmer,11,Kyle Massey,19,-1.3429265966656527,South,US,Actor/Actress,Actor/Actress,Lacey Schwimmer,0.13750312535348794,0.06726630896216503,-0.3284821374809136,10,0,,10,0,1
11||margaret cho||louis van amstel,11,Margaret Cho,41,0.36658848879871464,West,US,Comedian,Comedian,Louis van Amstel,-1.1710744495762009,0.04736558871020257,-0.45097307269030457,3,1,3.0,3,1,0
11||michael bolton||chelsie hightower,11,Michael Bolton,57,1.6098721873182544,Northeast,US,Singer/Rapper,Singer/Rapper,Chelsie Hightower,-1.7376749409882204,0.049584970418827604,-0.43731255499877586,2,1,2.0,2,1,0
11||rick fox||cheryl burke,11,Rick Fox,41,0.36658848879871464,International,International,Athlete,Athlete,Cheryl Burke,0.3294032269370207,0.05976409551257176,-0.3746590160032138,7,1,7.0,7,1,0
11||the situation||karina smirnoff,11,The Situation,28,-0.6435795162484116,Northeast,US,TV Personality,Tv Personality,Karina Smirnoff,-1.0321191823850913,0.04489474652837947,-0.46618135489187346,4,1,4.0,4,1,0
12||chelsea kane||mark ballas,12,Chelsea Kane,22,-1.109810903193239,West,US,Actor/Actress,Actor/Actress,Mark Ballas,0.7540940453066582,0.09247136009842052,-0.17334251205072312,10,0,,10,0,1
12||chris jericho||cheryl burke,12,Chris Jericho,40,0.2888832576412434,Northeast,US,Athlete,Athlete,Cheryl Burke,0.0690555969357279,0.06623774448458496,-0.3348130553163882,6,1,6.0,6,1,0
12||hines ward||kym johnson,12,Hines Ward,35,-0.09964289814611284,International,International,Athlete,Athlete,Kym Johnson,0.8970266098510333,0.5124314063920331,2.411553821840056,10,0,,10,0,1
12||kendra wilkinson||louis van amstel,12,Kendra Wilkinson,25,-0.8766952097208253,West,US,TV Personality,Tv Personality,Louis van Amstel,-0.6047003569273526,0.05140088551137867,-0.4261354149188587,7,1,7.0,7,1,0
12||kirstie alley||maksim chmerkoskiy,12,Kirstie Alley,60,1.8429878807906683,Midwest,US,Actor/Actress,Actor/Actress,Maksim Chmerkoskiy,-0.22605897017324272,0.07039437909650362,-0.30922855111295705,10,0,,10,0,1
12||mike catherwood||lacey schwimmer,12,Mike Catherwood,32,-0.33275859161852656,West,US,Radio Personality,Other_Industry,Lacey Schwimmer,-1.4500427640029625,0.05073219533631005,-0.4302512702181868,2,1,2.0,2,1,0
12||petra nemcova||dmitry chaplin,12,Petra Nemcova,31,-0.4104638227759978,International,International,Model,Model,Dmitry Chaplin,-0.13740050143348093,0.05893053821352902,-0.3797896450366173,5,1,5.0,5,1,0
12||ralph macchio||karina smirnoff,12,Ralph Macchio,49,0.9882303380584846,Northeast,US,Actor/Actress,Actor/Actress,Karina Smirnoff,-0.09223989237987104,0.1390125629466697,0.11312327363308056,9,1,9.0,9,1,0
12||romeo||chelsie hightower,12,Romeo,21,-1.1875161343507104,South,US,Singer/Rapper,Singer/Rapper,Chelsie Hightower,0.23659184731163152,0.06249379684427784,-0.3578574296922849,8,1,8.0,8,1,0
12||sugar ray leonard||anna trebunskaya,12,Sugar Ray Leonard,54,1.3767564938458408,South,US,Athlete,Athlete,Anna Trebunskaya,-0.7501090161693058,0.04886113570778153,-0.4417678304647133,4,1,4.0,4,1,0
12||wendy williams||tony dovolani,12,Wendy Williams,46,0.7551146445860708,Northeast,US,TV Personality,Tv Personality,Tony Dovolani,-1.6356998600636832,0.049056937599207595,-0.4405626501248619,3,1,3.0,3,1,0
13||carson kressley||anna trebunskaya,13,Carson Kressley,41,0.36658848879871464,Northeast,US,TV Personality,Tv Personality,Anna Trebunskaya,-0.9652242758586116,0.04925990862339656,-0.43931334305162356,5,1,5.0,5,1,0
13||chaz bono||lacey schwimmer,13,Chaz Bono,42,0.4442937199561859,West,US,TV Personality,Tv Personality,Lacey Schwimmer,-1.2518845135658634,0.050061576419784086,-0.4343789971152208,6,1,6.0,6,1,0
13||chynna phillips||tony dovolani,13,Chynna Phillips,43,0.5219989511136571,West,US,Singer/Rapper,Singer/Rapper,Tony Dovolani,0.5026282271149616,0.13368077044446372,0.08030555439132481,4,1,4.0,4,1,0
13||david arquette||kym johnson,13,David Arquette,40,0.2888832576412434,South,US,Actor/Actress,Actor/Actress,Kym Johnson,-0.20837931179210378,0.04637353448346092,-0.4570792662588529,7,1,7.0,7,1,0
13||elisabetta canalis||valentin chmerkovskiy,13,Elisabetta Canalis,33,-0.2550533604610553,International,International,Actor/Actress,Actor/Actress,Valentin Chmerkovskiy,-0.3985132384305473,0.0455667909992531,-0.46204485356441555,2,1,2.0,2,1,0
13||hope solo||maksim chmerkoskiy,13,Hope Solo,30,-0.48816905393346904,West,US,Athlete,Athlete,Maksim Chmerkoskiy,-0.10531462102415054,0.056868078989449025,-0.39248428904900573,9,1,9.0,9,1,0
13||j.r. martinez||karina smirnoff,13,J.R. Martinez,28,-0.6435795162484116,South,US,Actor/Actress,Actor/Actress,Karina Smirnoff,0.8415106510376841,0.3868996481089345,1.638893220821877,10,0,,10,0,1
13||kristin cavallari||mark ballas,13,Kristin Cavallari,24,-0.9544004408782966,West,US,TV Personality,Tv Personality,Mark Ballas,0.4668325738266667,0.06176906286787473,-0.3623182402269631,3,1,3.0,3,1,0
13||metta world peace (ron)||peta murgatroyd,13,Metta World Peace (Ron),31,-0.4104638227759978,Northeast,US,Athlete,Athlete,Peta Murgatroyd,-1.5724848323239156,0.0526493781854349,-0.41845081690878716,1,1,1.0,1,1,0
13||nancy grace||tristan macmanus,13,Nancy Grace,51,1.143640800373427,South,US,TV Personality,Tv Personality,Tristan MacManus,-0.7504782927020123,0.04740362550269508,-0.4507389524059237,8,1,8.0,8,1,0
13||ricki lake||derek hough,13,Ricki Lake,42,0.4442937199561859,Northeast,US,Actor/Actress,Actor/Actress,Derek Hough,0.8578185026701133,0.2819073501041454,0.9926550641339811,10,0,,10,0,1
13||rob kardashian||cheryl burke,13,Rob Kardashian,24,-0.9544004408782966,West,US,TV Personality,Tv Personality,Cheryl Burke,0.27129507162336164,0.06857913293572618,-0.3204015738505115,10,0,,10,0,1
14||donald driver||peta murgatroyd,14,Donald Driver,37,0.05576756416882966,South,US,Athlete,Athlete,Peta Murgatroyd,0.21033194666211186,0.06466472492045813,-0.34449514898300126,10,0,,10,0,1
14||gavin degraw||karina smirnoff,14,Gavin DeGraw,35,-0.09964289814611284,Northeast,US,Singer/Rapper,Singer/Rapper,Karina Smirnoff,-0.888156037222615,0.040380484219753175,-0.49396709354671486,5,1,5.0,5,1,0
14||gladys knight||tristan macmanus,14,Gladys Knight,67,2.386924498892967,South,US,Singer/Rapper,Singer/Rapper,Tristan MacManus,-0.9815625319111119,0.041606819488765066,-0.4864188765937776,6,1,6.0,6,1,0
14||jack wagner||anna trebunskaya,14,Jack Wagner,52,1.2213460315308984,Midwest,US,Actor/Actress,Actor/Actress,Anna Trebunskaya,-0.36994941789179747,0.04934029281237077,-0.43881857028165167,3,1,3.0,3,1,0
14||jaleel white||kym johnson,14,Jaleel White,35,-0.09964289814611284,West,US,Actor/Actress,Actor/Actress,Kym Johnson,0.1330923751001945,0.06979151647431343,-0.31293923120191414,7,1,7.0,7,1,0
14||katherine jenkins||mark ballas,14,Katherine Jenkins,31,-0.4104638227759978,International,International,Singer/Rapper,Singer/Rapper,Mark Ballas,0.8868971161257557,0.6014466791852914,2.9594517810252285,10,0,,10,0,1
14||maria menounos||derek hough,14,Maria Menounos,33,-0.2550533604610553,Northeast,US,TV Personality,Tv Personality,Derek Hough,0.5176781528891,0.06113905940236042,-0.36619597493701184,9,1,9.0,9,1,0
14||martina navratilova||tony dovolani,14,Martina Navratilova,55,1.454461725003312,International,International,Athlete,Athlete,Tony Dovolani,-1.5796372784734873,0.0471403907445645,-0.45235918882424386,2,1,2.0,2,1,0
14||melissa gilbert||maksim chmerkoskiy,14,Melissa Gilbert,47,0.8328198757435421,West,US,Actor/Actress,Actor/Actress,Maksim Chmerkoskiy,-1.1025608782463017,0.039179474964347163,-0.5013594263380524,8,1,8.0,8,1,0
14||roshon fegan||chelsie hightower,14,Roshon Fegan,20,-1.2652213655081814,West,US,Actor/Actress,Actor/Actress,Chelsie Hightower,0.31442279596491185,0.0490960273187937,-0.4403220489682931,8,1,8.0,8,1,0
14||sherri sheperd||valentin chmerkovskiy,14,Sherri Sheperd,44,0.5997041822711283,Midwest,US,Actor/Actress,Actor/Actress,Valentin Chmerkovskiy,-0.3546672936232471,0.04695665310422072,-0.45349011248499216,4,1,4.0,4,1,0
14||william levy||cheryl burke,14,William Levy,31,-0.4104638227759978,International,International,Actor/Actress,Actor/Actress,Cheryl Burke,0.576001139136431,0.07122181803614562,-0.30413558119718626,10,0,,10,0,1
15||apolo anton ohno||karina smirnoff,15,Apolo Anton Ohno,30,-0.48816905393346904,West,US,Athlete,Athlete,Karina Smirnoff,0.3539942274360084,0.08129260381484399,-0.24214888158491718,9,1,9.0,9,1,0
15||bristol palin||mark ballas,15,Bristol Palin,21,-1.1875161343507104,West,US,TV Personality,Tv Personality,Mark Ballas,-1.6692927440758956,0.05046278375622097,-0.4319095255970642,4,1,4.0,4,1,0
15||drew lachey||anna trebunskaya,15,Drew Lachey,36,-0.02193766698864159,Midwest,US,Singer/Rapper,Singer/Rapper,Anna Trebunskaya,-0.3651068176766883,0.05286451359922426,-0.4171266367937925,3,1,3.0,3,1,0
15||emmitt smith||cheryl burke,15,Emmitt Smith,43,0.5219989511136571,South,US,Athlete,Athlete,Cheryl Burke,-0.07051728131164654,0.10593886017727702,-0.09044869420365288,9,1,9.0,9,1,0
15||gilles marini||peta murgatroyd,15,Gilles Marini,36,-0.02193766698864159,International,International,Actor/Actress,Actor/Actress,Peta Murgatroyd,0.5215452646788135,0.3184798883457412,1.2177627162930793,8,1,8.0,8,1,0
15||helio castroneves||chelsie hightower,15,Helio Castroneves,37,0.05576756416882966,International,International,Racing Driver,Other_Industry,Chelsie Hightower,0.09824414814060696,0.05223385710808093,-0.42100839094228387,3,1,3.0,3,1,0
15||joey fatone||kym johnson,15,Joey Fatone,35,-0.09964289814611284,Northeast,US,Singer/Rapper,Singer/Rapper,Kym Johnson,-0.3200852239634944,0.046526553435371445,-0.45613741921578255,2,1,2.0,2,1,0
15||kelly monaco||valentin chmerkovskiy,15,Kelly Monaco,36,-0.02193766698864159,Northeast,US,Actor/Actress,Actor/Actress,Valentin Chmerkovskiy,-0.2164378601589895,0.08417502354055813,-0.22440729819504437,10,0,,10,0,1
15||kirstie alley||maksim chmerkoskiy,15,Kirstie Alley,61,1.9206931119481394,Midwest,US,Actor/Actress,Actor/Actress,Maksim Chmerkoskiy,-1.3869435281677254,0.0551199444474334,-0.4032442330214968,8,1,8.0,8,1,0
15||melissa rycroft||tony dovolani,15,Melissa Rycroft,29,-0.5658742850909403,South,US,TV Personality,Tv Personality,Tony Dovolani,0.7529333750798621,0.1895367081998956,0.42410447051274963,10,0,,10,0,1
15||pamela anderson||tristan macmanus,15,Pamela Anderson,45,0.6774094134285996,International,International,Model,Model,Tristan MacManus,-2.226242229633609,0.0489210835920052,-0.44139884520642053,1,1,1.0,1,1,0
15||sabrina bryan||louis van amstel,15,Sabrina Bryan,28,-0.6435795162484116,West,US,Actor/Actress,Actor/Actress,Louis van Amstel,0.8112921495757011,0.09277847744889582,-0.1714521738618308,6,1,6.0,6,1,0
15||shawn johnson||derek hough,15,Shawn Johnson,20,-1.2652213655081814,Midwest,US,Athlete,Athlete,Derek Hough,0.448335720860147,0.13732095420180507,0.10271125162868022,10,0,,10,0,1
16||alexandra raisman||mark ballas,16,Alexandra Raisman,18,-1.420631827823124,Northeast,US,Athlete,Athlete,Mark Ballas,0.776857719353181,0.054984268587260424,-0.40407933159016735,10,1,10.0,10,1,0
16||andy dick||sharna burgess,16,Andy Dick,47,0.8328198757435421,South,US,Comedian,Comedian,Sharna Burgess,-0.9384035480217209,0.036715929090617626,-0.51652279902928,7,1,7.0,7,1,0
16||d. l. hughley||cheryl burke,16,D. L. Hughley,50,1.0659355692159558,South,US,Comedian,Comedian,Cheryl Burke,-1.4190895244437853,0.0369505676390687,-0.5150785751583821,5,1,5.0,5,1,0
16||dorothy hamill||tristan macmanus,16,Dorothy Hamill,56,1.5321669561607834,Midwest,US,Athlete,Athlete,Tristan MacManus,-0.4168718688026782,0.0668916069131555,-0.33078846628846137,2,0,,2,0,1
16||ingo rademacher||kym johnson,16,Ingo Rademacher,41,0.36658848879871464,International,International,Actor/Actress,Actor/Actress,Kym Johnson,-0.36366094796516096,0.040513763984545925,-0.4931467431861625,9,1,9.0,9,1,0
16||jacoby jones||karina smirnoff,16,Jacoby Jones,28,-0.6435795162484116,South,US,Athlete,Athlete,Karina Smirnoff,0.2682356448877679,0.04924727921186748,-0.43939107835013314,10,0,,10,0,1
16||kellie pickler||derek hough,16,Kellie Pickler,26,-0.7989899785633541,South,US,Singer/Rapper,Singer/Rapper,Derek Hough,0.9601991469604864,0.06020043701030322,-0.371973290187711,10,0,,10,0,1
16||lisa vanderpump||gleb savchenko,16,Lisa Vanderpump,52,1.2213460315308984,International,International,TV Personality,Tv Personality,Gleb Savchenko,-0.6379475505546572,0.041775777444787346,-0.4853789233768986,4,1,4.0,4,1,0
16||sean lowe||peta murgatroyd,16,Sean Lowe,29,-0.5658742850909403,South,US,TV Personality,Tv Personality,Peta Murgatroyd,-0.4175953636608739,0.03816391871054791,-0.5076102772474987,8,1,8.0,8,1,0
16||victor ortiz||lindsay arnold,16,Victor Ortiz,26,-0.7989899785633541,Midwest,US,Athlete,Athlete,Lindsay Arnold,-0.6974698395598389,0.03813752783653435,-0.5077727157320352,6,1,6.0,6,1,0
16||wynonna judd||tony dovolani,16,Wynonna Judd,48,0.9105251069010133,South,US,Singer/Rapper,Singer/Rapper,Tony Dovolani,-0.9386316056035637,0.0447104964761367,-0.4673154324994098,3,1,3.0,3,1,0
16||zendaya||valentin chmerkovskiy,16,Zendaya,16,-1.5760422901380664,West,US,Actor/Actress,Actor/Actress,Valentin Chmerkovskiy,1.0611306581323796,0.6580137604477645,3.3076278569751763,10,0,,10,0,1
17||amber riley||derek hough,17,Amber Riley,27,-0.7212847474058828,West,US,Actor/Actress,Actor/Actress,Derek Hough,0.7814168390295123,0.4613028988889902,2.096852714512521,11,0,,11,0,1
17||bill engvall||emma slater,17,Bill Engvall,56,1.5321669561607834,South,US,Comedian,Comedian,Emma Slater,-1.2243770185175515,0.05317340745870894,-0.41522536401322657,11,1,11.0,11,1,0
17||bill nye||tyne stecklein,17,Bill Nye,57,1.6098721873182544,South,US,TV Personality,Tv Personality,Tyne Stecklein,-1.978506880145756,0.04701100607151137,-0.4531555645032838,3,1,3.0,3,1,0
17||brant daugherty||peta murgatroyd,17,Brant Daugherty,28,-0.6435795162484116,Midwest,US,Actor/Actress,Actor/Actress,Peta Murgatroyd,0.2764726716802341,0.0548703397248213,-0.40478057519998767,8,1,8.0,8,1,0
17||christina milian||mark ballas,17,Christina Milian,31,-0.4104638227759978,Northeast,US,Singer/Rapper,Singer/Rapper,Mark Ballas,0.6152889517424633,0.061503724011832406,-0.36395142757960725,5,1,5.0,5,1,0
17||corbin bleu||karina smirnoff,17,Corbin Bleu,24,-0.9544004408782966,Northeast,US,Actor/Actress,Actor/Actress,Karina Smirnoff,0.8261969076254118,0.17848226972261808,0.35606328958298544,11,0,,11,0,1
17||elizabeth berkley lauren||valentin chmerkovskiy,17,Elizabeth Berkley Lauren,39,0.21117802648377215,Midwest,US,Actor/Actress,Actor/Actress,Valentin Chmerkovskiy,0.40193015856722686,0.07414847206734257,-0.28612173120699325,9,1,9.0,9,1,0
17||jack osbourne||cheryl burke,17,Jack Osbourne,27,-0.7212847474058828,International,International,TV Personality,Tv Personality,Cheryl Burke,0.23498988046021774,0.05758482668381053,-0.3880726348837321,11,0,,11,0,1
17||keyshawn johnson||sharna burgess,17,Keyshawn Johnson,41,0.36658848879871464,West,US,Athlete,Athlete,Sharna Burgess,-1.3577721557145686,0.047846989152990904,-0.4480100045349425,2,1,2.0,2,1,0
17||leah remini||tony dovolani,17,Leah Remini,43,0.5219989511136571,Northeast,US,Actor/Actress,Actor/Actress,Tony Dovolani,-0.2662020416496499,0.0525856087547862,-0.4188433241697824,10,1,10.0,10,1,0
"17||nicole ""snooki"" polizzi||sasha farber",17,"Nicole ""Snooki"" Polizzi",25,-0.8766952097208253,International,International,TV Personality,Tv Personality,Sasha Farber,0.11359451040553724,0.053357263781437125,-0.4140937098504625,7,1,7.0,7,1,0
17||valerie harper||tristan macmanus,17,Valerie Harper,74,2.9308611169952656,Northeast,US,Actor/Actress,Actor/Actress,Tristan MacManus,-1.297041614577143,0.04853026317558445,-0.4438043841869296,4,1,4.0,4,1,0
18||amy purdy||derek hough,18,Amy Purdy,34,-0.17734812930358407,West,US,Athlete,Athlete,Derek Hough,0.6909828483467917,0.07426963674170695,-0.28537595044683356,10,0,,10,0,1
18||billy dee williams||emma slater,18,Billy Dee Williams,76,3.0862715793102082,Northeast,US,Actor/Actress,Actor/Actress,Emma Slater,-2.3633142427369576,0.055815868367847146,-0.39896075127979147,2,0,,2,0,1
18||candace cameron bure||mark ballas,18,Candace Cameron Bure,37,0.05576756416882966,West,US,Actor/Actress,Actor/Actress,Mark Ballas,-0.7348085859934491,0.06176722330565515,-0.3623295629174888,10,0,,10,0,1
18||charlie white||sharna burgess,18,Charlie White,26,-0.7989899785633541,Midwest,US,Athlete,Athlete,Sharna Burgess,0.5130323631852644,0.23915902805202416,0.7295348413229398,9,1,9.0,9,1,0
18||cody simpson||witney carson,18,Cody Simpson,17,-1.4983370589805953,International,International,Singer/Rapper,Singer/Rapper,Witney Carson,-0.2204932846815046,0.048733836502324476,-0.4425513698808964,5,1,5.0,5,1,0
18||danica mckellar||valentin chmerkovskiy,18,Danica McKellar,39,0.21117802648377215,West,US,Actor/Actress,Actor/Actress,Valentin Chmerkovskiy,0.36019540237543995,0.06110752264441272,-0.3663900868548508,8,1,8.0,8,1,0
18||diana nyad||henry byalikov,18,Diana Nyad,64,2.153808805420553,Northeast,US,Athlete,Athlete,Henry Byalikov,-1.2241664794484033,0.0539803942157071,-0.4102582793391655,1,0,,1,0,1
18||drew carey||cheryl burke,18,Drew Carey,55,1.454461725003312,Midwest,US,Comedian,Comedian,Cheryl Burke,-0.9897811223136447,0.048452272921022534,-0.44428442204975843,6,1,6.0,6,1,0
18||james maslow||peta murgatroyd,18,James Maslow,23,-1.0321056720357678,Northeast,US,Actor/Actress,Actor/Actress,Peta Murgatroyd,0.16587323294146306,0.05967236371126376,-0.3752236344686962,10,1,10.0,10,1,0
18||meryl davis||maksim chmerkoskiy,18,Meryl Davis,27,-0.7212847474058828,Midwest,US,Athlete,Athlete,Maksim Chmerkoskiy,1.0136233239620445,0.42886980538885294,1.8972237611748313,10,0,,10,0,1
18||nene leakes||tony dovolani,18,NeNe Leakes,46,0.7551146445860708,Northeast,US,TV Personality,Tv Personality,Tony Dovolani,-0.6942059751305135,0.0457478007883681,-0.4609307201024086,7,1,7.0,7,1,0
18||sean avery||karina smirnoff,18,Sean Avery,33,-0.2550533604610553,International,International,Athlete,Athlete,Karina Smirnoff,-0.5020863660570622,0.04634435919697705,-0.45725884308226256,2,1,2.0,2,1,0
19||alfonso ribeiro||witney carson,19,Alfonso Ribeiro,42,0.4442937199561859,Northeast,US,Actor/Actress,Actor/Actress,Witney Carson,0.9372610411599509,0.49832063054128883,2.3247005769019835,11,0,,11,0,1
19||antonio sabato jr.||cheryl burke,19,Antonio Sabato Jr.,42,0.4442937199561859,International,International,Actor/Actress,Actor/Actress,Cheryl Burke,-0.6129721910597914,0.04537585512842287,-0.4632200830579666,7,1,7.0,7,1,0
19||bethany mota||derek hough,19,Bethany Mota,18,-1.420631827823124,West,US,Social Media Personality,Other_Industry,Derek Hough,0.643865939973109,0.10707813862104638,-0.08343632076820162,11,1,11.0,11,1,0
19||betsey johnson||tony dovolani,19,Betsey Johnson,72,2.775450654680323,Northeast,US,Fashion Designer,Other_Industry,Tony Dovolani,-0.9778484597860233,0.0440098157413079,-0.47162819291238633,4,1,4.0,4,1,0
19||janel parrish||valentin chmerkovskiy,19,Janel Parrish,25,-0.8766952097208253,West,US,Actor/Actress,Actor/Actress,Valentin Chmerkovskiy,0.7210326145936669,0.08276049588948312,-0.23311385819216987,11,0,,11,0,1
19||jonathan bennett||allison holker,19,Jonathan Bennett,33,-0.2550533604610553,Midwest,US,Actor/Actress,Actor/Actress,Allison Holker,-0.39413671825701213,0.0491064444529515,-0.440257930459564,6,1,6.0,6,1,0
19||lea thompson||artem chigvintsev,19,Lea Thompson,53,1.2990512626883695,Midwest,US,Actor/Actress,Actor/Actress,Artem Chigvintsev,0.471534260333281,0.08461388050026747,-0.22170608945800646,9,1,9.0,9,1,0
19||lolo jones||keo motsepe,19,Lolo Jones,32,-0.33275859161852656,Midwest,US,Athlete,Athlete,Keo Motsepe,-1.4761909287827202,0.0474484199954073,-0.45046323779685016,1,1,1.0,1,1,0
19||michael waltrip||emma slater,19,Michael Waltrip,51,1.143640800373427,South,US,Racing Driver,Other_Industry,Emma Slater,-1.3298769148655432,0.04528102416718077,-0.46380377716462606,8,1,8.0,8,1,0
19||randy couture||karina smirnoff,19,Randy Couture,51,1.143640800373427,West,US,Athlete,Athlete,Karina Smirnoff,-0.536464033112915,0.056387574688019665,-0.3954418413641494,3,1,3.0,3,1,0
19||sadie robertson||mark ballas,19,Sadie Robertson,17,-1.4983370589805953,South,US,TV Personality,Tv Personality,Mark Ballas,0.45789169692836856,0.0657255963810198,-0.3379653784171175,11,0,,11,0,1
19||tavis smiley||sharna burgess,19,Tavis Smiley,50,1.0659355692159558,South,US,Radio Personality,Other_Industry,Sharna Burgess,-0.31875714764902985,0.0512235184704072,-0.4272271268995733,2,1,2.0,2,1,0
19||tommy chong||peta murgatroyd,19,Tommy Chong,76,3.0862715793102082,International,International,Comedian,Comedian,Peta Murgatroyd,-0.9675240433757036,0.04761263098167417,-0.44945250265637193,10,1,10.0,10,1,0
1||evander holyfield||edyta sliwinska,1,Evander Holyfield,42,0.4442937199561859,South,US,Athlete,Athlete,Edyta Sliwinska,-1.143784126494331,0.06881584613244274,-0.318944580310825,3,1,3.0,3,1,0
1||joey mcintyre||ashly delgrosso,1,Joey McIntyre,32,-0.33275859161852656,Northeast,US,Singer/Rapper,Singer/Rapper,Ashly DelGrosso,-0.20034362134360445,0.24492214337222923,0.7650073959015549,5,0,,5,0,1
1||john o'hurley||charlotte jorgensen,1,John O'Hurley,50,1.0659355692159558,Northeast,US,Actor/Actress,Actor/Actress,Charlotte Jorgensen,0.40080542113727313,0.3847087611247943,1.6254080910261877,6,0,,6,0,1
1||kelly monaco||alec mazo,1,Kelly Monaco,29,-0.5658742850909403,Northeast,US,Actor/Actress,Actor/Actress,Alec Mazo,-0.1942919457753753,0.21174399151487255,0.5607925334205827,6,0,,6,0,1
1||rachel hunter||jonathan roberts,1,Rachel Hunter,35,-0.09964289814611284,International,International,Model,Model,Jonathan Roberts,0.8871781150632181,0.2159600188651305,0.5867426059035392,4,1,4.0,4,1,0
1||trista sutter||louis van amstel,1,Trista Sutter,32,-0.33275859161852656,Midwest,US,TV Personality,Tv Personality,Louis van Amstel,-0.17736141311162285,0.0631925767215008,-0.353556369249103,2,1,2.0,2,1,0
20||charlotte mckinney||keo motsepe,20,Charlotte McKinney,21,-1.1875161343507104,South,US,Model,Model,Keo Motsepe,-1.2658856867394344,0.045530694935559925,-0.4622670284677947,3,1,3.0,3,1,0
20||chris soules||witney carson,20,Chris Soules,33,-0.2550533604610553,Midwest,US,TV Personality,Tv Personality,Witney Carson,-0.9436956797013106,0.05174831627387731,-0.42399694362333995,8,1,8.0,8,1,0
20||michael sam||peta murgatroyd,20,Michael Sam,25,-0.8766952097208253,South,US,Athlete,Athlete,Peta Murgatroyd,-0.5361689871478729,0.0452495521345593,-0.4639974906915706,4,1,4.0,4,1,0
20||nastia liukin||derek hough,20,Nastia Liukin,25,-0.8766952097208253,International,International,Athlete,Athlete,Derek Hough,1.0893872789971462,0.21748021699505238,0.5960995783286621,9,1,9.0,9,1,0
20||noah galloway||sharna burgess,20,Noah Galloway,33,-0.2550533604610553,South,US,Motivational Speaker,Other_Industry,Sharna Burgess,-0.5523750572846825,0.07621957910035183,-0.2733738590606555,10,0,,10,0,1
20||patti labelle||artem chigvintsev,20,Patti LaBelle,70,2.620040192365381,Northeast,US,Singer/Rapper,Singer/Rapper,Artem Chigvintsev,-0.7810333344657154,0.044233059826654965,-0.470254103108203,6,1,6.0,6,1,0
20||redfoo||emma slater,20,Redfoo,39,0.21117802648377215,West,US,Singer/Rapper,Singer/Rapper,Emma Slater,-0.4248357832191624,0.0414179351320734,-0.48758147881141867,2,1,2.0,2,1,0
20||riker lynch||allison holker,20,Riker Lynch,23,-1.0321056720357678,West,US,Actor/Actress,Actor/Actress,Allison Holker,0.9863934966822878,0.22411633800711622,0.6369455707670632,10,0,,10,0,1
20||robert herjavec||kym johnson,20,Robert Herjavec,52,1.2213460315308984,International,International,Entrepreneur,Other_Industry,Kym Johnson,-0.5613078832299239,0.053103695100810186,-0.41565445058931805,8,1,8.0,8,1,0
20||rumer willis||valentin chmerkovskiy,20,Rumer Willis,26,-0.7989899785633541,South,US,Actor/Actress,Actor/Actress,Valentin Chmerkovskiy,0.7759986053387545,0.2916017856392889,1.0523252901354638,10,0,,10,0,1
20||suzanne somers||tony dovolani,20,Suzanne Somers,68,2.4646297300504383,West,US,Actor/Actress,Actor/Actress,Tony Dovolani,-0.6864059638142133,0.04364689694163668,-0.4738619946348347,5,1,5.0,5,1,0
20||willow shields||mark ballas,20,Willow Shields,14,-1.731452752453009,West,US,Actor/Actress,Actor/Actress,Mark Ballas,0.720800992317921,0.0572037030431825,-0.3904184892337188,7,1,7.0,7,1,0
21||alek skarlatos||lindsay arnold,21,Alek Skarlatos,22,-1.109810903193239,West,US,Military,Other_Industry,Lindsay Arnold,-0.5171887195245282,0.05784980166438038,-0.38644168722122774,11,0,,11,0,1
21||alexa penavega||mark ballas,21,Alexa PenaVega,27,-0.7212847474058828,South,US,Actor/Actress,Actor/Actress,Mark Ballas,0.36114410357387083,0.06967722998670497,-0.3136426760306296,9,1,9.0,9,1,0
21||andy grammer||allison holker,21,Andy Grammer,31,-0.4104638227759978,West,US,Singer/Rapper,Singer/Rapper,Allison Holker,0.12001368395347556,0.05457609188235806,-0.40659170027236347,8,1,8.0,8,1,0
21||bindi irwin||derek hough,21,Bindi Irwin,17,-1.4983370589805953,International,International,TV Personality,Tv Personality,Derek Hough,0.9177581873739915,0.4429261614950036,1.9837420471101772,11,0,,11,0,1
21||carlos penavega||witney carson,21,Carlos PenaVega,26,-0.7989899785633541,Midwest,US,Actor/Actress,Actor/Actress,Witney Carson,0.5449560540026959,0.06628159032097122,-0.3345431797824381,11,1,11.0,11,1,0
21||chaka khan||keo motsepe,21,Chaka Khan,62,1.9983983431056107,Midwest,US,Singer/Rapper,Singer/Rapper,Keo Motsepe,-1.7239228679526342,0.0472826757105557,-0.4514834105443708,2,1,2.0,2,1,0
21||gary busey||anna trebunskaya,21,Gary Busey,71,2.6977454235228517,South,US,Actor/Actress,Actor/Actress,Anna Trebunskaya,-1.3974711630096275,0.04818564482756005,-0.44592554478842394,4,1,4.0,4,1,0
21||hayes grier||emma slater,21,Hayes Grier,15,-1.6537475212955377,South,US,Social Media Personality,Other_Industry,Emma Slater,0.1485560705199567,0.055105994194013096,-0.40333009823472654,7,1,7.0,7,1,0
21||kim zolciak-biermann||tony dovolani,21,Kim Zolciak-Biermann,37,0.05576756416882966,South,US,TV Personality,Tv Personality,Tony Dovolani,-1.237977265067832,0.0474212609608157,-0.4506304043870233,2,0,,2,0,1
21||nick carter||sharna burgess,21,Nick Carter,35,-0.09964289814611284,Northeast,US,Singer/Rapper,Singer/Rapper,Sharna Burgess,0.47275807752171756,0.1513740767162852,0.18920963448198752,11,0,,11,0,1
21||paula deen||louis van amstel,21,Paula Deen,68,2.4646297300504383,South,US,TV Personality,Tv Personality,Louis van Amstel,-1.4938795625553674,0.04604473639429953,-0.45910305157549075,6,1,6.0,6,1,0
21||tamar braxton||valentin chmerkovskiy,21,Tamar Braxton,38,0.1334727953263009,South,US,Singer/Rapper,Singer/Rapper,Valentin Chmerkovskiy,0.155970385856881,0.09949553045827121,-0.13010803683803088,9,0,,9,0,1
21||victor espinoza||karina smirnoff,21,Victor Espinoza,43,0.5219989511136571,International,International,Athlete,Athlete,Karina Smirnoff,-0.8890948349226317,0.046963829198215054,-0.45344594290452533,2,1,2.0,2,1,0
22||antonio brown||sharna burgess,22,Antonio Brown,27,-0.7212847474058828,South,US,Athlete,Athlete,Sharna Burgess,-0.3604776170407875,0.05646423056126962,-0.3949700167525375,9,1,9.0,9,1,0
22||doug flutie||karina smirnoff,22,Doug Flutie,53,1.2990512626883695,South,US,Athlete,Athlete,Karina Smirnoff,-1.1320875052940567,0.0453307016265749,-0.46349800740438774,6,1,6.0,6,1,0
22||geraldo rivera||edyta sliwinska,22,Geraldo Rivera,72,2.775450654680323,Northeast,US,Journalist,Other_Industry,Edyta Sliwinska,-2.173856257391052,0.048874814253082696,-0.44168363764229124,2,1,2.0,2,1,0
22||ginger zee||valentin chmerkovskiy,22,Ginger Zee,35,-0.09964289814611284,West,US,News Anchor,Other_Industry,Valentin Chmerkovskiy,0.19771578502329532,0.10496647499070125,-0.09643382285122937,10,0,,10,0,1
22||jodie sweetin||keo motsepe,22,Jodie Sweetin,34,-0.17734812930358407,West,US,Actor/Actress,Actor/Actress,Keo Motsepe,0.11027684329423271,0.05481714409703724,-0.4051079996406019,8,1,8.0,8,1,0
22||kim fields||sasha farber,22,Kim Fields,46,0.7551146445860708,Northeast,US,Actor/Actress,Actor/Actress,Sasha Farber,-0.29294299563017745,0.04710435121469674,-0.45258101575624016,7,1,7.0,7,1,0
22||marla maples||tony dovolani,22,Marla Maples,52,1.2213460315308984,South,US,TV Personality,Tv Personality,Tony Dovolani,-0.1873712390042099,0.0546882659954488,-0.4059012573213143,4,1,4.0,4,1,0
22||mischa barton||artem chigvintsev,22,Mischa Barton,30,-0.48816905393346904,International,International,Actor/Actress,Actor/Actress,Artem Chigvintsev,-1.511444404001865,0.0467744937658529,-0.4546113215382976,3,1,3.0,3,1,0
22||nyle dimarco||peta murgatroyd,22,Nyle DiMarco,26,-0.7989899785633541,Northeast,US,Model,Model,Peta Murgatroyd,0.6861713704675,0.20515899349133643,0.5202612081196613,10,0,,10,0,1
22||paige vanzant||mark ballas,22,Paige VanZant,22,-1.109810903193239,West,US,Athlete,Athlete,Mark Ballas,0.7735314193264583,0.13516888980230787,0.0894650787471106,10,0,,10,0,1
22||von miller||witney carson,22,Von Miller,27,-0.7212847474058828,South,US,Athlete,Athlete,Witney Carson,-0.30245387956777076,0.04965854872243212,-0.4368596731379422,7,1,7.0,7,1,0
22||wanya morris||lindsay arnold,22,Wanya Morris,42,0.4442937199561859,Northeast,US,Singer/Rapper,Singer/Rapper,Lindsay Arnold,0.7088590999772456,0.35491005624710503,1.4419940646852636,9,1,9.0,9,1,0
23||amber rose||maksim chmerkoskiy,23,Amber Rose,32,-0.33275859161852656,Northeast,US,Model,Model,Maksim Chmerkoskiy,-0.7481929905969597,0.0383664605429099,-0.5063636118931331,6,1,6.0,6,1,0
23||babyface||allison holker,23,Babyface,57,1.6098721873182544,Midwest,US,Singer/Rapper,Singer/Rapper,Allison Holker,-0.34730605107773205,0.04371512722454325,-0.47344203037942023,4,1,4.0,4,1,0
23||calvin johnson jr.||lindsay arnold,23,Calvin Johnson Jr.,30,-0.48816905393346904,South,US,Athlete,Athlete,Lindsay Arnold,0.1452799584583602,0.0501460450042679,-0.4338590844799876,11,0,,11,0,1
23||jake t. austin||jenna johnson,23,Jake T. Austin,21,-1.1875161343507104,Northeast,US,Actor/Actress,Actor/Actress,Jenna Johnson,-1.0675807366796675,0.04239770606209635,-0.481550890169902,2,1,2.0,2,1,0
23||james hinchcliffe||sharna burgess,23,James Hinchcliffe,29,-0.5658742850909403,International,International,Racing Driver,Other_Industry,Sharna Burgess,0.9414265958917807,0.19214484413221938,0.44015780956071987,11,0,,11,0,1
23||jana kramer||gleb savchenko,23,Jana Kramer,32,-0.33275859161852656,Midwest,US,Singer/Rapper,Singer/Rapper,Gleb Savchenko,0.17180404967224963,0.04932474061419436,-0.43891429562601464,11,1,11.0,11,1,0
23||laurie hernandez||valentin chmerkovskiy,23,Laurie Hernandez,16,-1.5760422901380664,Northeast,US,Athlete,Athlete,Valentin Chmerkovskiy,1.041400015641136,0.5080736753167491,2.384731548673841,11,0,,11,0,1
23||marilu henner||derek hough,23,Marilu Henner,64,2.153808805420553,Midwest,US,Actor/Actress,Actor/Actress,Derek Hough,-0.3430918754616652,0.04552101035308298,-0.46232663804723173,9,1,9.0,9,1,0
23||maureen mccormick||artem chigvintsev,23,Maureen McCormick,60,1.8429878807906683,West,US,Actor/Actress,Actor/Actress,Artem Chigvintsev,-0.5031494080438051,0.03835762639916263,-0.5064179869366329,7,1,7.0,7,1,0
23||rick perry||emma slater,23,Rick Perry,66,2.3092192677354957,South,US,Politician,Other_Industry,Emma Slater,-1.6222024788491822,0.04118723513329723,-0.4890014605128403,3,1,3.0,3,1,0
23||ryan lochte||cheryl burke,23,Ryan Lochte,32,-0.33275859161852656,Northeast,US,Athlete,Athlete,Cheryl Burke,-0.7667695040302908,0.03808326920210084,-0.5081066830855179,8,1,8.0,8,1,0
23||terra jole||sasha farber,23,Terra Jole,36,-0.02193766698864159,South,US,TV Personality,Tv Personality,Sasha Farber,0.24589443301411507,0.04512318380800594,-0.464775300454453,10,1,10.0,10,1,0
23||vanilla ice||witney carson,23,Vanilla Ice,48,0.9105251069010133,South,US,Singer/Rapper,Singer/Rapper,Witney Carson,-0.533445330234106,0.03897769622744743,-0.5026013947630787,4,1,4.0,4,1,0
24||bonner bolton||sharna burgess,24,Bonner Bolton,29,-0.5658742850909403,South,US,Athlete,Athlete,Sharna Burgess,-0.8715147030583518,0.050956137504309926,-0.4288728836450467,8,1,8.0,8,1,0
24||charo||keo motsepe,24,Charo,66,2.3092192677354957,International,International,Actor/Actress,Actor/Actress,Keo Motsepe,-0.9614043715187964,0.04730190351523473,-0.4513650614722097,3,1,3.0,3,1,0
24||chris kattan||witney carson,24,Chris Kattan,46,0.7551146445860708,West,US,Comedian,Comedian,Witney Carson,-1.763395627446629,0.04744380651978295,-0.45049163420344435,2,1,2.0,2,1,0
24||david ross||lindsay arnold,24,David Ross,40,0.2888832576412434,South,US,Athlete,Athlete,Lindsay Arnold,-0.6740014287507229,0.0883527924175606,-0.19869271046386636,10,0,,10,0,1
24||erika jayne||gleb savchenko,24,Erika Jayne,45,0.6774094134285996,South,US,Singer/Rapper,Singer/Rapper,Gleb Savchenko,-0.426327442920572,0.04648416883485522,-0.45639830069594894,5,1,5.0,5,1,0
24||heather morris||maksim chmerkoskiy,24,Heather Morris,30,-0.48816905393346904,West,US,Actor/Actress,Actor/Actress,Maksim Chmerkoskiy,0.8248468957483769,0.067857652478995,-0.3248423586442973,6,1,6.0,6,1,0
24||mr. t||kym herjavec,24,Mr. T,64,2.153808805420553,Midwest,US,Actor/Actress,Actor/Actress,Kym Herjavec,-1.3829202977696005,0.0449397810781558,-0.4659041627074201,4,1,4.0,4,1,0
24||nancy kerrigan||artem chigvintsev,24,Nancy Kerrigan,47,0.8328198757435421,Northeast,US,Athlete,Athlete,Artem Chigvintsev,0.38761209098065896,0.059526924906542614,-0.37611882494323556,7,1,7.0,7,1,0
24||nick viall||peta murgatroyd,24,Nick Viall,36,-0.02193766698864159,Midwest,US,TV Personality,Tv Personality,Peta Murgatroyd,-0.6289069589598977,0.04971343426927129,-0.436521847075534,7,1,7.0,7,1,0
24||normani||valentin chmerkovskiy,24,Normani,20,-1.2652213655081814,South,US,Singer/Rapper,Singer/Rapper,Valentin Chmerkovskiy,0.9201786594816486,0.19988539108987474,0.48780165480204507,10,0,,10,0,1
24||rashad jennings||emma slater,24,Rashad Jennings,32,-0.33275859161852656,South,US,Athlete,Athlete,Emma Slater,0.7356158950404244,0.2640419559465379,0.8826917657938653,10,0,,10,0,1
24||simone biles||sasha farber,24,Simone Biles,20,-1.2652213655081814,Midwest,US,Athlete,Athlete,Sasha Farber,0.8853879825831809,0.24986086491654985,0.7954057238536775,9,1,9.0,9,1,0
25||barbara corcoran||keo motsepe,25,Barbara Corcoran,68,2.4646297300504383,Northeast,US,Entrepreneur,Other_Industry,Keo Motsepe,-1.8622653545664485,0.04490013178242235,-0.4661482081114705,2,1,2.0,2,1,0
25||debbie gibson||alan bersten,25,Debbie Gibson,47,0.8328198757435421,Northeast,US,Singer/Rapper,Singer/Rapper,Alan Bersten,-0.41474999118829137,0.04624373040936225,-0.4578782233935208,2,1,2.0,2,1,0
25||derek fisher||sharna burgess,25,Derek Fisher,43,0.5219989511136571,South,US,Athlete,Athlete,Sharna Burgess,-0.6374005612533754,0.0427132563254722,-0.47960864655373603,4,1,4.0,4,1,0
25||drew scott||emma slater,25,Drew Scott,39,0.21117802648377215,International,International,TV Personality,Tv Personality,Emma Slater,-0.6054802992938082,0.04255716874220765,-0.48056938133150184,10,1,10.0,10,1,0
25||frankie muniz||witney carson,25,Frankie Muniz,31,-0.4104638227759978,Northeast,US,Actor/Actress,Actor/Actress,Witney Carson,0.20923884608184004,0.050331389674278915,-0.4327182693899667,10,0,,10,0,1
25||jordan fisher||lindsay arnold,25,Jordan Fisher,23,-1.0321056720357678,South,US,Actor/Actress,Actor/Actress,Lindsay Arnold,1.3125623802192776,0.5745965874498162,2.7941867652119456,10,0,,10,0,1
25||lindsey stirling||mark ballas,25,Lindsey Stirling,31,-0.4104638227759978,West,US,Musician,Other_Industry,Mark Ballas,0.872698943910786,0.11161977743127263,-0.055482076991873006,10,0,,10,0,1
25||nick lachey||peta murgatroyd,25,Nick Lachey,43,0.5219989511136571,South,US,Singer/Rapper,Singer/Rapper,Peta Murgatroyd,-1.1019478250321475,0.04047110711262953,-0.49340930052418797,6,1,6.0,6,1,0
25||nikki bella||artem chigvintsev,25,Nikki Bella,33,-0.2550533604610553,West,US,Athlete,Athlete,Artem Chigvintsev,-0.2259721252073102,0.043272398419474244,-0.4761670707141635,7,1,7.0,7,1,0
25||sasha pieterse||gleb savchenko,25,Sasha Pieterse,21,-1.1875161343507104,International,International,Actor/Actress,Actor/Actress,Gleb Savchenko,-0.43812055078922113,0.0414608693228136,-0.48731721454813365,5,1,5.0,5,1,0
25||terrell owens||cheryl burke,25,Terrell Owens,43,0.5219989511136571,South,US,Athlete,Athlete,Cheryl Burke,-0.5364560918816315,0.03857456540692335,-0.5050827055192989,8,1,8.0,8,1,0
25||vanessa lachey||maksim chmerkoskiy,25,Vanessa Lachey,36,-0.02193766698864159,International,International,TV Personality,Tv Personality,Maksim Chmerkoskiy,0.27530799375722964,0.059683213691866084,-0.3751568517465557,7,1,7.0,7,1,0
25||victoria arlen||valentin chmerkovskiy,25,Victoria Arlen,22,-1.109810903193239,Unknown,US,Athlete,Athlete,Valentin Chmerkovskiy,0.21800239852051342,0.04182146889046344,-0.48509768793209695,9,1,9.0,9,1,0
26||adam rippon||jenna johnson,26,Adam Rippon,28,-0.6435795162484116,Northeast,US,Athlete,Athlete,Jenna Johnson,1.3629419926261106,0.515503280831022,2.4304615180497176,4,0,,4,0,1
26||arike ogunbowale||gleb savchenko,26,Arike Ogunbowale,21,-1.1875161343507104,Midwest,US,Athlete,Athlete,Gleb Savchenko,0.09747108366377019,0.061738805643858,-0.36250447648473283,2,1,2.0,2,1,0
26||chris mazdzer||witney carson,26,Chris Mazdzer,29,-0.5658742850909403,Northeast,US,Athlete,Athlete,Witney Carson,-0.24970675728167335,0.06368702146542303,-0.3505130121079749,3,1,3.0,3,1,0
26||jamie anderson||artem chigvintsev,26,Jamie Anderson,27,-0.7212847474058828,West,US,Athlete,Athlete,Artem Chigvintsev,-0.8451542547285166,0.0577687978909137,-0.3869402735960824,1,1,1.0,1,1,0
26||jennie finch daigle||keo motsepe,26,Jennie Finch Daigle,37,0.05576756416882966,West,US,Athlete,Athlete,Keo Motsepe,-0.8019066973253978,0.0656064083935329,-0.3386989924706871,3,1,3.0,3,1,0
26||johnny damon||emma slater,26,Johnny Damon,44,0.5997041822711283,Midwest,US,Athlete,Athlete,Emma Slater,-1.267731382092775,0.0615117020849986,-0.36390232173665665,1,1,1.0,1,1,0
26||josh norman||sharna burgess,26,Josh Norman,30,-0.48816905393346904,South,US,Athlete,Athlete,Sharna Burgess,0.3138798022193592,0.10583848668762147,-0.09106650313028838,4,0,,4,0,1
26||kareem abdul-jabbar||lindsay arnold,26,Kareem Abdul-Jabbar,71,2.6977454235228517,Northeast,US,Athlete,Athlete,Lindsay Arnold,-1.6232285660401828,0.060107991231507604,-0.3725423032564576,2,1,2.0,2,1,0
26||mirai nagasu||alan bersten,26,Mirai Nagasu,25,-0.8766952097208253,West,US,Athlete,Athlete,Alan Bersten,0.7362580086360081,0.1376071668291924,0.10447291914390273,3,1,3.0,3,1,0
26||tonya harding||sasha farber,26,Tonya Harding,47,0.8328198757435421,West,US,Athlete,Athlete,Sasha Farber,-0.14920505997364225,0.08773926153358415,-0.20246905477736973,4,0,,4,0,1
27||alexis ren||alan bersten,27,Alexis Ren,21,-1.1875161343507104,West,US,Social Media Personality,Other_Industry,Alan Bersten,0.5307039434265,0.10205436452175194,-0.11435815575267202,9,0,,9,0,1
27||bobby bones||sharna burgess,27,Bobby Bones,38,0.1334727953263009,South,US,Radio Personality,Other_Industry,Sharna Burgess,-0.8405158855404531,0.07867208943254914,-0.25827841123775985,9,0,,9,0,1
27||danelle umstead||artem chigvintsev,27,Danelle Umstead,46,0.7551146445860708,West,US,Athlete,Athlete,Artem Chigvintsev,-1.0312772386008924,0.04833519456695805,-0.44500505109737903,2,1,2.0,2,1,0
27||demarcus ware||lindsay arnold,27,DeMarcus Ware,36,-0.02193766698864159,South,US,Athlete,Athlete,Lindsay Arnold,0.27513745253347915,0.0873337618399179,-0.20496494618609423,7,1,7.0,7,1,0
27||evanna lynch||keo motsepe,27,Evanna Lynch,27,-0.7212847474058828,International,International,Actor/Actress,Actor/Actress,Keo Motsepe,0.5035643779821164,0.09296451951292911,-0.17030706624144326,9,0,,9,0,1
27||joe amabile||jenna johnson,27,Joe Amabile,32,-0.33275859161852656,Midwest,US,TV Personality,Tv Personality,Jenna Johnson,-1.8434055072364905,0.05843176478115631,-0.3828596456906341,8,1,8.0,8,1,0
27||john schneider||emma slater,27,John Schneider,58,1.6875774184757257,Northeast,US,Actor/Actress,Actor/Actress,Emma Slater,-0.6795152453493429,0.05163219305758944,-0.42471169370185635,7,1,7.0,7,1,0
27||juan pablo di pace||cheryl burke,27,Juan Pablo Di Pace,39,0.21117802648377215,International,International,Actor/Actress,Actor/Actress,Cheryl Burke,0.9988182817015712,0.3088114190520692,1.1582523151201178,8,1,8.0,8,1,0
27||mary lou retton||sasha farber,27,Mary Lou Retton,50,1.0659355692159558,South,US,Athlete,Athlete,Sasha Farber,0.09640248518925786,0.057106961933476086,-0.3910139404963416,6,1,6.0,6,1,0
27||milo manheim||witney carson,27,Milo Manheim,17,-1.4983370589805953,West,US,Actor/Actress,Actor/Actress,Witney Carson,0.8549660320574772,0.1492698765001215,0.17625807046408346,9,0,,9,0,1
27||nancy mckeon||valentin chmerkovskiy,27,Nancy McKeon,52,1.2213460315308984,Northeast,US,Actor/Actress,Actor/Actress,Valentin Chmerkovskiy,-0.5222900875760651,0.047467214720747,-0.4503475543715914,3,1,3.0,3,1,0
27||nikki glaser||gleb savchenko,27,Nikki Glaser,34,-0.17734812930358407,Midwest,US,Comedian,Comedian,Gleb Savchenko,-0.8604259665172094,0.0446814013239568,-0.4674945160881168,1,1,1.0,1,1,0
27||tinashe||brandon armstrong,27,Tinashe,25,-0.8766952097208253,South,US,Singer/Rapper,Singer/Rapper,Brandon Armstrong,1.0150779844928182,0.16406249728112635,0.26730813954308946,4,1,4.0,4,1,0
28||ally brooke||sasha farber,28,Ally Brooke,26,-0.7989899785633541,South,US,Singer/Rapper,Singer/Rapper,Sasha Farber,0.8069047281869378,0.17123290417691203,0.31144271534619605,11,0,,11,0,1
28||hannah brown||alan bersten,28,Hannah Brown,24,-0.9544004408782966,South,US,TV Personality,Tv Personality,Alan Bersten,0.41773433106985874,0.24721659782915645,0.7791299939113759,11,0,,11,0,1
28||james van der beek||emma slater,28,James Van Der Beek,42,0.4442937199561859,Northeast,US,Actor/Actress,Actor/Actress,Emma Slater,0.5534700370289933,0.33821418670134973,1.3392293079879833,10,1,10.0,10,1,0
28||karamo brown||jenna johnson,28,Karamo Brown,38,0.1334727953263009,South,US,TV Personality,Tv Personality,Jenna Johnson,-0.3320889580231278,0.03592020725895956,-0.5214205469545952,7,1,7.0,7,1,0
28||kate flannery||pasha pashkov,28,Kate Flannery,55,1.454461725003312,Northeast,US,Actor/Actress,Actor/Actress,Pasha Pashkov,0.10890311469734403,0.021794552887596748,-0.6083653706838884,8,1,8.0,8,1,0
28||kel mitchell||witney carson,28,Kel Mitchell,41,0.36658848879871464,Midwest,US,Actor/Actress,Actor/Actress,Witney Carson,0.45070520191153596,0.08769551135073256,-0.202738341554191,11,0,,11,0,1
28||lamar odom||peta murgatroyd,28,Lamar Odom,39,0.21117802648377215,Northeast,US,Athlete,Athlete,Peta Murgatroyd,-1.9436554580174674,0.00300635813920725,-0.7240085994961447,4,1,4.0,4,1,0
28||lauren alaina||gleb savchenko,28,Lauren Alaina,24,-0.9544004408782966,South,US,Singer/Rapper,Singer/Rapper,Gleb Savchenko,0.04059167365415939,0.08111368498057946,-0.2432501450094646,11,0,,11,0,1
28||mary wilson||brandon armstrong,28,Mary Wilson,75,3.008566348152737,West,US,Singer/Rapper,Singer/Rapper,Brandon Armstrong,-0.41946165206275554,0.01838004948526465,-0.6293819826321952,2,1,2.0,2,1,0
28||ray lewis||cheryl burke,28,Ray Lewis,44,0.5997041822711283,South,US,Athlete,Athlete,Cheryl Burke,-0.771339063687449,0.0072245502200753,-0.6980452028785061,2,0,,2,0,1
28||sailor brinkley-cook||valentin chmerkovskiy,28,Sailor Brinkley-Cook,21,-1.1875161343507104,Northeast,US,Model,Model,Valentin Chmerkovskiy,0.48163277595912907,0.09392620764544539,-0.16438777903775145,6,1,6.0,6,1,0
28||sean spicer||lindsay arnold,28,Sean Spicer,48,0.9105251069010133,Northeast,US,Politician,Other_Industry,Lindsay Arnold,-1.7433523618820777,0.011713633280182387,-0.6704144450313911,9,1,9.0,9,1,0
29||aj mclean||cheryl burke,29,AJ McLean,42,0.4442937199561859,South,US,Singer/Rapper,Singer/Rapper,Cheryl Burke,0.08432655187811794,0.033533434387530744,-0.5361113740931199,9,1,9.0,9,1,0
29||anne heche||keo motsepe,29,Anne Heche,51,1.143640800373427,Midwest,US,Actor/Actress,Actor/Actress,Keo Motsepe,-0.6222847134125313,0.002674980388359125,-0.7260482628899845,4,1,4.0,4,1,0
29||carole baskin||pasha pashkov,29,Carole Baskin,59,1.765282649633197,South,US,TV Personality,Tv Personality,Pasha Pashkov,-1.87080156633296,0.0005143259634136666,-0.7393473082423645,3,1,3.0,3,1,0
29||charles oakley||emma slater,29,Charles Oakley,56,1.5321669561607834,Midwest,US,Athlete,Athlete,Emma Slater,-1.6599808657422945,0.00047544037005245,-0.7395866529814836,2,1,2.0,2,1,0
29||chrishell stause||gleb savchenko,29,Chrishell Stause,39,0.21117802648377215,South,US,Actor/Actress,Actor/Actress,Gleb Savchenko,-0.47029985813687203,0.004486302000041375,-0.7148993961469297,8,1,8.0,8,1,0
29||jeannie mai||brandon armstrong,29,Jeannie Mai,41,0.36658848879871464,West,US,TV Personality,Tv Personality,Brandon Armstrong,-0.08830690517042934,0.009936542816183199,-0.6813526156167239,7,0,,7,0,1
29||jesse metcalfe||sharna burgess,29,Jesse Metcalfe,41,0.36658848879871464,West,US,Actor/Actress,Actor/Actress,Sharna Burgess,-0.34130128868358156,0.03794793968162616,-0.5089396498985028,5,1,5.0,5,1,0
29||johnny weir||britt stewart,29,Johnny Weir,36,-0.02193766698864159,Northeast,US,Athlete,Athlete,Britt Stewart,0.47634761755284727,0.09679940647976189,-0.14670295116207424,10,1,10.0,10,1,0
29||justina machado||sasha farber,29,Justina Machado,48,0.9105251069010133,Midwest,US,Actor/Actress,Actor/Actress,Sasha Farber,0.38223571138648144,0.1833628083006137,0.3861034955240363,11,0,,11,0,1
29||kaitlyn bristowe||artem chigvintsev,29,Kaitlyn Bristowe,35,-0.09964289814611284,International,International,TV Personality,Tv Personality,Artem Chigvintsev,0.7812676861361338,0.25596622170786043,0.8329848091172317,11,0,,11,0,1
29||monica aldama||valentin chmerkovskiy,29,Monica Aldama,48,0.9105251069010133,South,US,TV Personality,Tv Personality,Valentin Chmerkovskiy,-0.021996565034730242,0.032066958183442275,-0.545137682660188,7,1,7.0,7,1,0
29||nelly||daniella karagach,29,Nelly,45,0.6774094134285996,South,US,Singer/Rapper,Singer/Rapper,Daniella Karagach,-0.7681128243681219,0.029293384705520686,-0.5622093064447129,11,0,,11,0,1
29||nev schulman||jenna johnson,29,Nev Schulman,35,-0.09964289814611284,Northeast,US,Producer,Other_Industry,Jenna Johnson,0.9875392289594104,0.2845494736399204,1.008917600300425,11,0,,11,0,1
29||skai jackson||alan bersten,29,Skai Jackson,18,-1.420631827823124,Northeast,US,Actor/Actress,Actor/Actress,Alan Bersten,-0.06781722788768643,0.08839544978257206,-0.198430150090791,10,1,10.0,10,1,0
29||veron davis||peta murgatroyd,29,Veron Davis,36,-0.02193766698864159,South,US,Athlete,Athlete,Peta Murgatroyd,-0.39898930045416786,0.004751892401031633,-0.7132646605098251,6,1,6.0,6,1,0
2||drew lachey||cheryl burke,2,Drew Lachey,29,-0.5658742850909403,Midwest,US,Singer/Rapper,Singer/Rapper,Cheryl Burke,0.941036064284139,0.3368634942915968,1.3309156603231687,8,0,,8,0,1
2||george hamilton||edyta sliwinska,2,George Hamilton,66,2.3092192677354957,South,US,Actor/Actress,Actor/Actress,Edyta Sliwinska,-0.40816944396790106,0.029505551126434316,-0.560903400779556,6,1,6.0,6,1,0
2||giselle fernandez||jonathan roberts,2,Giselle Fernandez,44,0.5997041822711283,International,International,News Anchor,Other_Industry,Jonathan Roberts,0.386161915410104,0.10140333371878824,-0.11836531584012071,3,1,3.0,3,1,0
2||jerry rice||anna trebunskaya,2,Jerry Rice,43,0.5219989511136571,South,US,Athlete,Athlete,Anna Trebunskaya,-0.6446004393194951,0.1036168510859105,-0.10474089376050791,8,0,,8,0,1
2||kenny mayne||andrea hale,2,Kenny Mayne,46,0.7551146445860708,West,US,Sports Broadcaster,Other_Industry,Andrea Hale,-1.6536710167730493,0.0044007012308088,-0.7154262774931919,1,1,1.0,1,1,0
2||lisa rinna||louis van amstel,2,Lisa Rinna,42,0.4442937199561859,West,US,Actor/Actress,Actor/Actress,Louis van Amstel,0.11458126095102752,0.07587287075695937,-0.2755078837938988,7,1,7.0,7,1,0
2||master p||ashly delgrosso,2,Master P,35,-0.09964289814611284,South,US,Singer/Rapper,Singer/Rapper,Ashly DelGrosso,-1.9634526768958378,0.05718839984960887,-0.39051268192970123,4,1,4.0,4,1,0
2||stacy keibler||tony dovolani,2,Stacy Keibler,26,-0.7989899785633541,South,US,Athlete,Athlete,Tony Dovolani,1.000111192920574,0.3278980371607588,1.2757323697371028,8,0,,8,0,1
2||tatum o'neal||nick kosovich,2,Tatum O'Neal,42,0.4442937199561859,West,US,Actor/Actress,Actor/Actress,Nick Kosovich,-0.20856836888728586,0.12377887316374085,0.019358380474669035,2,1,2.0,2,1,0
2||tia carrere||maksim chmerkoskiy,2,Tia Carrere,39,0.21117802648377215,West,US,Actor/Actress,Actor/Actress,Maksim Chmerkoskiy,0.008141201993825842,0.07198149790469144,-0.299459675180732,5,1,5.0,5,1,0
30||amanda kloots||alan bersten,30,Amanda Kloots,39,0.21117802648377215,Midwest,US,TV Personality,Tv Personality,Alan Bersten,0.7508413753404796,0.21638051146456708,0.589330780155601,10,0,,10,0,1
30||brian austin green||sharna burgess,30,Brian Austin Green,48,0.9105251069010133,West,US,Actor/Actress,Actor/Actress,Sharna Burgess,-1.0118273566993126,0.003112888322777025,-0.7233528954990895,4,1,4.0,4,1,0
30||christine chiu||pasha pashkov,30,Christine Chiu,38,0.1334727953263009,International,International,TV Personality,Tv Personality,Pasha Pashkov,-0.1347131327332047,0.0081229122350057,-0.6925156942993095,3,1,3.0,3,1,0
30||cody rigsby||cheryl burke,30,Cody Rigsby,34,-0.17734812930358407,West,US,Fitness Instructor,Other_Industry,Cheryl Burke,-0.7461205580974944,0.046960274145646755,-0.45346782461072976,10,0,,10,0,1
30||iman shumpert||daniella karagach,30,Iman Shumpert,31,-0.4104638227759978,Midwest,US,Athlete,Athlete,Daniella Karagach,-0.41595331689578463,0.03396041359128009,-0.5334832741389456,10,0,,10,0,1
30||jimmie allen||emma slater,30,Jimmie Allen,36,-0.02193766698864159,South,US,Singer/Rapper,Singer/Rapper,Emma Slater,-0.21958197829587786,0.046514366650923275,-0.4562124301000798,8,1,8.0,8,1,0
30||jojo siwa||jenna johnson,30,JoJo Siwa,18,-1.420631827823124,Midwest,US,Social Media Personality,Other_Industry,Jenna Johnson,1.1889543597832035,0.40343264843320376,1.7406555010758893,10,0,,10,0,1
30||kenya moore||brandon armstrong,30,Kenya Moore,50,1.0659355692159558,Midwest,US,TV Personality,Tv Personality,Brandon Armstrong,-0.4110542584825532,0.019343522391710534,-0.6234517099654143,6,1,6.0,6,1,0
30||martin kove||britt stewart,30,Martin Kove,75,3.008566348152737,Northeast,US,Actor/Actress,Actor/Actress,Britt Stewart,-2.861814482754908,0.0003589961505665,-0.7403033788669778,2,1,2.0,2,1,0
30||matt james||lindsay arnold,30,Matt James,29,-0.5658742850909403,South,US,Athlete,Athlete,Lindsay Arnold,-0.7295030156408522,0.00161620737531845,-0.7325651173002679,4,1,4.0,4,1,0
30||melanie c||gleb savchenko,30,Melanie C,47,0.8328198757435421,International,International,Singer/Rapper,Singer/Rapper,Gleb Savchenko,0.5559831335504484,0.0867093519792276,-0.20880825169572148,5,1,5.0,5,1,0
30||melora hardin||artem chigvintsev,30,Melora Hardin,54,1.3767564938458408,South,US,Actor/Actress,Actor/Actress,Artem Chigvintsev,0.33802097918590995,0.12160292604325641,0.0059652070427659454,9,1,9.0,9,1,0
"30||mike ""the miz"" mizanin||witney carson",30,"Mike ""The Miz"" Mizanin",40,0.2888832576412434,Midwest,US,Athlete,Athlete,Witney Carson,-0.4073206273159113,0.018962362653085558,-0.6257977865022039,7,1,7.0,7,1,0
30||olivia jade||valentin chmerkovskiy,30,Olivia Jade,21,-1.1875161343507104,West,US,Social Media Personality,Other_Industry,Valentin Chmerkovskiy,0.5342540838098844,0.04406197857652309,-0.4713071254139347,8,1,8.0,8,1,0
30||suni lee||sasha farber,30,Suni Lee,18,-1.420631827823124,Midwest,US,Athlete,Athlete,Sasha Farber,0.2548844299261408,0.04969743142528979,-0.43662034619016327,9,1,9.0,9,1,0
31||charli d'amelio||mark ballas,31,Charli D'Amelio,18,-1.420631827823124,Northeast,US,Social Media Personality,Other_Industry,Mark Ballas,1.3750378583694125,0.40336038994273304,1.7402107427976703,10,0,,10,0,1
31||cheryl ladd||louis van amstel,31,Cheryl Ladd,71,2.6977454235228517,Midwest,US,Actor/Actress,Actor/Actress,Louis van Amstel,-1.3775624700633629,0.0014067176615604332,-0.7338545475635989,3,1,3.0,3,1,0
31||daniel durant||britt stewart,31,Daniel Durant,32,-0.33275859161852656,Midwest,US,Actor/Actress,Actor/Actress,Britt Stewart,-0.10295672320111258,0.03002306493949816,-0.5577180511970595,9,1,9.0,9,1,0
31||gabby windey||valentin chmerkovskiy,31,Gabby Windey,31,-0.4104638227759978,Midwest,US,TV Personality,Tv Personality,Valentin Chmerkovskiy,0.8970303527718058,0.1785840126650084,0.35668952762897355,10,0,,10,0,1
31||heidi d'amelio||artem chigvintsev,31,Heidi D'Amelio,50,1.0659355692159558,South,US,Social Media Personality,Other_Industry,Artem Chigvintsev,0.18916273360144564,0.03363024782354002,-0.5355154776548268,8,1,8.0,8,1,0
31||jason lewis||peta murgatroyd,31,Jason Lewis,51,1.143640800373427,West,US,Actor/Actress,Actor/Actress,Peta Murgatroyd,-1.352833106882999,0.0003589179989818,-0.740303859897844,1,1,1.0,1,1,0
31||jessie james decker||alan bersten,31,Jessie James Decker,34,-0.17734812930358407,International,International,Singer/Rapper,Singer/Rapper,Alan Bersten,-0.6529428530551592,0.003368184716716733,-0.7217815205109819,6,1,6.0,6,1,0
31||jordin sparks||brandon armstrong,31,Jordin Sparks,32,-0.33275859161852656,West,US,Singer/Rapper,Singer/Rapper,Brandon Armstrong,-0.0505917054756298,0.021086649771852272,-0.6127225855779892,7,1,7.0,7,1,0
31||joseph baena||daniella karagach,31,Joseph Baena,24,-0.9544004408782966,West,US,Actor/Actress,Actor/Actress,Daniella Karagach,-0.595983386392878,0.006647558549172079,-0.7015966446596142,5,1,5.0,5,1,0
31||sam champion||cheryl burke,31,Sam Champion,61,1.9206931119481394,South,US,News Anchor,Other_Industry,Cheryl Burke,-1.1006181416113314,0.001972894602666375,-0.7303696715323799,4,1,4.0,4,1,0
31||selma blair||sasha farber,31,Selma Blair,50,1.0659355692159558,Midwest,US,Actor/Actress,Actor/Actress,Sasha Farber,0.36388240165131946,0.03563056811600416,-0.5232033050178544,5,0,,5,0,1
31||shangela||gleb savchenko,31,Shangela,40,0.2888832576412434,South,US,TV Personality,Tv Personality,Gleb Savchenko,0.21029215631036619,0.09000186840545508,-0.1885424818575109,10,0,,10,0,1
31||teresa giudice||pasha pashkov,31,Teresa Giudice,50,1.0659355692159558,Northeast,US,TV Personality,Tv Personality,Pasha Pashkov,-1.143761036954777,0.00047537594496245,-0.7395870495243939,2,1,2.0,2,1,0
31||trevor donovan||emma slater,31,Trevor Donovan,39,0.21117802648377215,West,US,Actor/Actress,Actor/Actress,Emma Slater,-0.2623703763140531,0.019479549713417463,-0.6226144481156445,9,1,9.0,9,1,0
31||vinny guadagnino||koko iwasaki,31,Vinny Guadagnino,34,-0.17734812930358407,Northeast,US,TV Personality,Tv Personality,Koko Iwasaki,-1.5586266285923684,0.003599978521596,-0.7203548063229562,8,1,8.0,8,1,0
31||wayne brady||witney carson,31,Wayne Brady,50,1.0659355692159558,South,US,Comedian,Comedian,Witney Carson,0.7027870518844175,0.21445442559173014,0.5774755278395886,10,0,,10,0,1
32||adrian peterson||britt stewart,32,Adrian Peterson,38,0.1334727953263009,South,US,Athlete,Athlete,Britt Stewart,-0.46095658787055915,0.018561752145213852,-0.6282635844804993,4,1,4.0,4,1,0
32||alyson hannigan||sasha farber,32,Alyson Hannigan,49,0.9882303380584846,South,US,Actor/Actress,Actor/Actress,Sasha Farber,-0.9100273755165053,0.03568448472917216,-0.5228714428396691,11,0,,11,0,1
32||ariana madix||pasha pashkov,32,Ariana Madix,38,0.1334727953263009,South,US,TV Personality,Tv Personality,Pasha Pashkov,0.782345343559752,0.173761049583018,0.32700370465806317,11,0,,11,0,1
32||barry williams||peta murgatroyd,32,Barry Williams,68,2.4646297300504383,West,US,Actor/Actress,Actor/Actress,Peta Murgatroyd,-0.6857192688722668,0.02256567625367665,-0.6036190287888695,8,1,8.0,8,1,0
32||charity lawson||artem chigvintsev,32,Charity Lawson,27,-0.7212847474058828,South,US,TV Personality,Tv Personality,Artem Chigvintsev,0.7595628280280871,0.1561620684689915,0.2186802054029577,11,0,,11,0,1
32||harry jowsey||rylee arnold,32,Harry Jowsey,26,-0.7989899785633541,International,International,TV Personality,Tv Personality,Rylee Arnold,-1.3162746318851015,0.011493176359540811,-0.671771379556417,9,1,9.0,9,1,0
32||jamie lynn spears||alan bersten,32,Jamie Lynn Spears,32,-0.33275859161852656,South,US,Actor/Actress,Actor/Actress,Alan Bersten,-0.5503094311823598,0.00267591028683725,-0.7260425392713017,2,1,2.0,2,1,0
32||jason mraz||daniella karagach,32,Jason Mraz,46,0.7551146445860708,South,US,Singer/Rapper,Singer/Rapper,Daniella Karagach,0.791128804481374,0.2704603979431154,0.9221979219929343,11,0,,11,0,1
32||lele pons||brandon armstrong,32,Lele Pons,27,-0.7212847474058828,International,International,Social Media Personality,Other_Industry,Brandon Armstrong,0.364004213572648,0.05251718692451458,-0.41926446741849877,7,1,7.0,7,1,0
32||matt walsh||koko iwasaki,32,Matt Walsh,58,1.6875774184757257,Midwest,US,Comedian,Comedian,Koko Iwasaki,-1.3332027104250275,0.0009762031657503,-0.736504407596066,1,1,1.0,1,1,0
32||mauricio umansky||emma slater,32,Mauricio Umansky,53,1.2990512626883695,International,International,TV Personality,Tv Personality,Emma Slater,-0.786768373634331,0.009365741476798433,-0.6848659552845743,6,1,6.0,6,1,0
32||mira sorvino||gleb savchenko,32,Mira Sorvino,55,1.454461725003312,Northeast,US,Actor/Actress,Actor/Actress,Gleb Savchenko,-0.21916999124260675,0.02574502523616056,-0.5840498159518077,5,1,5.0,5,1,0
32||tyson beckford||jenna johnson,32,Tyson Beckford,52,1.2213460315308984,Northeast,US,Model,Model,Jenna Johnson,-0.9680080884679864,0.0012715175529488668,-0.7346867178335472,3,1,3.0,3,1,0
32||xochitl gomez||valentin chmerkovskiy,32,Xochitl Gomez,17,-1.4983370589805953,West,US,Actor/Actress,Actor/Actress,Valentin Chmerkovskiy,1.1026566476864255,0.28021441147955684,0.9822348565860906,11,0,,11,0,1
33||anna delvey||ezra sosa,33,Anna Delvey,33,-0.2550533604610553,International,International,Con artist,Other_Industry,Ezra Sosa,-0.7577444540358791,0.0072774011772557,-0.6977198999201321,2,1,2.0,2,1,0
33||brooks nader||gleb savchenko,33,Brooks Nader,27,-0.7212847474058828,Northeast,US,Model,Model,Gleb Savchenko,-0.08148013248940489,0.00512797172169905,-0.7109498544566661,4,1,4.0,4,1,0
33||chandler kinney||brandon armstrong,33,Chandler Kinney,24,-0.9544004408782966,West,US,Actor/Actress,Actor/Actress,Brandon Armstrong,1.2143141111954254,0.3786123212311551,1.5878838901648613,9,0,,9,0,1
33||danny amendola||witney carson,33,Danny Amendola,39,0.21117802648377215,South,US,Athlete,Athlete,Witney Carson,-0.0669194223256887,0.09838817476567771,-0.13692392252849198,9,0,,9,0,1
33||dwight howard||daniella karagach,33,Dwight Howard,38,0.1334727953263009,South,US,Athlete,Athlete,Daniella Karagach,-0.33948026258339326,0.09926282348659891,-0.13154037165953425,7,1,7.0,7,1,0
33||eric roberts||britt stewart,33,Eric Roberts,68,2.4646297300504383,West,US,Actor/Actress,Actor/Actress,Britt Stewart,-1.6759308307539762,0.004194420417123867,-0.7166959566537504,3,1,3.0,3,1,0
33||ilona maher||alan bersten,33,Ilona Maher,28,-0.6435795162484116,West,US,Athlete,Athlete,Alan Bersten,-0.2823464572963241,0.047431801272465456,-0.45056552770843933,9,0,,9,0,1
33||jenn tran||sasha farber,33,Jenn Tran,26,-0.7989899785633541,South,US,TV Personality,Tv Personality,Sasha Farber,0.11267002901396067,0.0434968676229007,-0.47478544018495167,6,1,6.0,6,1,0
33||joey graziadei||jenna johnson,33,Joey Graziadei,29,-0.5658742850909403,South,US,TV Personality,Tv Personality,Jenna Johnson,0.9323043056741752,0.24308683597733996,0.7537108942498356,9,0,,9,0,1
33||phaedra parks||val chmerkovskiy,33,Phaedra Parks,51,1.143640800373427,South,US,TV Personality,Tv Personality,Val Chmerkovskiy,-0.2576303390323658,0.0232799999204151,-0.5992222947574786,5,1,5.0,5,1,0
33||reginald veljohnson||emma slater,33,Reginald VelJohnson,74,2.9308611169952656,Northeast,US,Actor/Actress,Actor/Actress,Emma Slater,-1.6890779194974632,0.0028833754241215,-0.7247655704798436,3,1,3.0,3,1,0
33||stephen nedoroscik||rylee arnold,33,Stephen Nedoroscik,26,-0.7989899785633541,South,US,Athlete,Athlete,Rylee Arnold,-0.005001330798251848,0.10668608947897944,-0.08584942267867567,9,0,,9,0,1
33||tori spelling||pasha pashkov,33,Tori Spelling,51,1.143640800373427,West,US,Actor/Actress,Actor/Actress,Pasha Pashkov,-0.6031159050492577,0.00181597447936075,-0.731335530677854,2,1,2.0,2,1,0
34||alix earle||val chmerkovskiy (joey graziadei week 9),34,Alix Earle,24,-0.9544004408782966,South,US,Social media personality,Other_Industry,Val Chmerkovskiy (Joey Graziadei week 9),0.7399608960281739,0.2165597544368917,0.5904340386825173,11,0,,11,0,1
34||andy richter||emma slater/kaitlyn bristowe (week 9),34,Andy Richter,59,1.765282649633197,West,US,Comedian,Comedian,Emma Slater/Kaitlyn Bristowe (week 9),-1.9262574109552604,0.006404309443221322,-0.7030938673781648,9,1,9.0,9,1,0
34||baron davis||britt stewart,34,Baron Davis,46,0.7551146445860708,West,US,Athlete,Athlete,Britt Stewart,-0.8414485827869134,0.00409471156071665,-0.7173096746958787,2,1,2.0,2,1,0
34||corey feldman||jenna johnson,34,Corey Feldman,54,1.3767564938458408,West,US,Actor/Actress,Actor/Actress,Jenna Johnson,-1.7617506241875347,0.0007841501579432,-0.7376865131800961,2,1,2.0,2,1,0
34||danielle fishel||pasha pashkov,34,Danielle Fishel,44,0.5997041822711283,West,US,Actor/Actress,Actor/Actress,Pasha Pashkov,-0.2857685574937095,0.02161208119815136,-0.6094885022894995,8,1,8.0,8,1,0
34||dylan efron||daniella karagach (rumer willis week 9),34,Dylan Efron,33,-0.2550533604610553,West,US,TV Personality,Tv Personality,Daniella Karagach (Rumer Willis week 9),-0.013201122185667552,0.06914512112288292,-0.31691785961883884,11,0,,11,0,1
34||elaine hendrix||alan bersten (rashad jennings week 9),34,Elaine Hendrix,55,1.454461725003312,South,US,Actor/Actress,Actor/Actress,Alan Bersten (Rashad Jennings week 9),-0.20685114855058284,0.03360994312221725,-0.5356404551341685,11,0,,11,0,1
34||hilaria baldwin||gleb savchenko,34,Hilaria Baldwin,41,0.36658848879871464,Northeast,US,Entrepreneur,Other_Industry,Gleb Savchenko,0.5443822898738059,0.10938345411966528,-0.06924687195412235,4,1,4.0,4,1,0
34||jen affleck||jan ravnik,34,Jen Affleck,26,-0.7989899785633541,West,US,TV Personality,Tv Personality,Jan Ravnik,-0.23815522300151493,0.013539095397883357,-0.6591785420512235,7,1,7.0,7,1,0
34||jordan chiles||ezra sosa (apolo anton ohno week 9),34,Jordan Chiles,24,-0.9544004408782966,South,US,Athlete,Athlete,Ezra Sosa (Apolo Anton Ohno week 9),0.44846664707499423,0.08424035892226643,-0.22400515234773904,11,0,,11,0,1
34||lauren jauregui||brandon armstrong,34,Lauren Jauregui,29,-0.5658742850909403,South,US,Singer/Rapper,Singer/Rapper,Brandon Armstrong,-0.1807034999191853,0.060991522438248034,-0.3671040797936839,3,1,3.0,3,1,0
34||robert irwin||witney carson (xoshitl gomez week 9),34,Robert Irwin,22,-1.109810903193239,International,International,Conservationist,Other_Industry,Witney Carson (Xoshitl Gomez week 9),0.707723223539852,0.2041264466724794,0.5139057785729938,11,0,,11,0,1
34||scott hoying||rylee arnold,34,Scott Hoying,34,-0.17734812930358407,West,US,Singer/Rapper,Singer/Rapper,Rylee Arnold,-0.6853098990384067,0.036306328972243763,-0.519043928964592,6,1,6.0,6,1,0
34||whitney leavitt||mark ballas,34,Whitney Leavitt,32,-0.33275859161852656,West,US,TV Personality,Tv Personality,Mark Ballas,1.0535307413024841,0.3142088949532308,1.1914743222903474,10,1,10.0,10,1,0
3||emmitt smith||cheryl burke,3,Emmitt Smith,37,0.05576756416882966,South,US,Athlete,Athlete,Cheryl Burke,0.14019063720479358,0.08641442838140027,-0.21062353611034584,10,0,,10,0,1
3||harry hamlin||ashly delgrosso,3,Harry Hamlin,54,1.3767564938458408,West,US,Actor/Actress,Actor/Actress,Ashly DelGrosso,-0.561304720903982,0.05367412534766023,-0.4121433950333517,3,1,3.0,3,1,0
3||jerry springer||kym johnson,3,Jerry Springer,62,1.9983983431056107,International,International,TV Personality,Tv Personality,Kym Johnson,-1.2893066261039168,0.06171629576851075,-0.36264302703204077,7,1,7.0,7,1,0
3||joey lawrence||edyta sliwinska,3,Joey Lawrence,30,-0.48816905393346904,Northeast,US,Actor/Actress,Actor/Actress,Edyta Sliwinska,0.3210814868617261,0.1757064309756441,0.33897772283955163,9,0,,9,0,1
3||mario lopez||karina smirnoff,3,Mario Lopez,32,-0.33275859161852656,West,US,Actor/Actress,Actor/Actress,Karina Smirnoff,0.6404185540832911,0.4786527209263716,2.2036426145848953,10,0,,10,0,1
3||monique coleman||louis van amstel,3,Monique Coleman,25,-0.8766952097208253,South,US,Actor/Actress,Actor/Actress,Louis van Amstel,0.24576149851975085,0.10893498043179882,-0.07200727262043244,8,1,8.0,8,1,0
3||sara evans||tony dovolani,3,Sara Evans,35,-0.09964289814611284,Midwest,US,Singer/Rapper,Singer/Rapper,Tony Dovolani,-0.810996002907088,0.06626275274201601,-0.3346591269760114,5,0,,5,0,1
3||shanna moakler||jesse desoto,3,Shanna Moakler,31,-0.4104638227759978,Northeast,US,Model,Model,Jesse DeSoto,-0.34128814436223687,0.05421881796010325,-0.40879075720642616,2,1,2.0,2,1,0
3||tucker carlson||elena grinenko,3,Tucker Carlson,37,0.05576756416882966,West,US,TV Personality,Tv Personality,Elena Grinenko,-1.8276466495398156,0.0553608348928841,-0.40176152809561083,1,1,1.0,1,1,0
3||vivica a. fox||nick kosovich,3,Vivica A. Fox,42,0.4442937199561859,Midwest,US,Actor/Actress,Actor/Actress,Nick Kosovich,0.583796935029273,0.1102199616586384,-0.06409808389714636,4,1,4.0,4,1,0
3||willa ford||maksim chmerkoskiy,3,Willa Ford,25,-0.8766952097208253,South,US,Singer/Rapper,Singer/Rapper,Maksim Chmerkoskiy,0.45543169506552117,0.07349245142136229,-0.29015960428019855,5,1,5.0,5,1,0
4||apolo anton ohno||julianne hough,4,Apolo Anton Ohno,24,-0.9544004408782966,West,US,Athlete,Athlete,Julianne Hough,0.8835557747878688,0.11791101553544478,-0.016758873547564924,10,0,,10,0,1
4||billy ray cyrus||karina smirnoff,4,Billy Ray Cyrus,45,0.6774094134285996,South,US,Singer/Rapper,Singer/Rapper,Karina Smirnoff,-1.0050586980682001,0.04859869143812071,-0.4433832013469771,8,1,8.0,8,1,0
4||clyde drexler||elena grinenko,4,Clyde Drexler,44,0.5997041822711283,South,US,Athlete,Athlete,Elena Grinenko,-1.5883157576134446,0.05168468369823672,-0.4243886085279923,5,1,5.0,5,1,0
4||heather mills||jonathan roberts,4,Heather Mills,39,0.21117802648377215,International,International,Model,Model,Jonathan Roberts,0.20081404673581615,0.05245417824146955,-0.4196522922014605,6,1,6.0,6,1,0
4||ian ziering||cheryl burke,4,Ian Ziering,42,0.4442937199561859,Northeast,US,Actor/Actress,Actor/Actress,Cheryl Burke,0.08984447360966977,0.05968472148879078,-0.37514757110479635,9,1,9.0,9,1,0
4||joey fatone||kym johnson,4,Joey Fatone,30,-0.48816905393346904,Northeast,US,Singer/Rapper,Singer/Rapper,Kym Johnson,0.8460623505459444,0.47122696380385243,2.1579363324474192,10,0,,10,0,1
4||john ratzenberger||edyta sliwinska,4,John Ratzenberger,59,1.765282649633197,Northeast,US,Actor/Actress,Actor/Actress,Edyta Sliwinska,-0.8763926817788098,0.04710860225173125,-0.4525548501956285,7,1,7.0,7,1,0
4||laila ali||maksim chmerkoskiy,4,Laila Ali,29,-0.5658742850909403,South,US,Athlete,Athlete,Maksim Chmerkoskiy,0.6268297048144665,0.18156080960399862,0.375012012261127,10,0,,10,0,1
4||leeza gibbons||tony dovolani,4,Leeza Gibbons,50,1.0659355692159558,South,US,TV Personality,Tv Personality,Tony Dovolani,-0.47967862889539764,0.050379006637258826,-0.4324251821924485,4,1,4.0,4,1,0
4||paulina porizkova||alec mazo,4,Paulina Porizkova,41,0.36658848879871464,International,International,Model,Model,Alec Mazo,-0.20609575574695416,0.0550103179902076,-0.4039189948943972,2,1,2.0,2,1,0
4||shandi finnessey||brian fortuna,4,Shandi Finnessey,28,-0.6435795162484116,Midwest,US,Beauty Pagent,Other_Industry,Brian Fortuna,-0.37675322408158224,0.05087157314379533,-0.4293933857913846,3,1,3.0,3,1,0
5||albert reed||anna trebunskaya,5,Albert Reed,22,-1.109810903193239,South,US,Model,Model,Anna Trebunskaya,-0.17267743608657216,0.04728691224951895,-0.4514573342208464,2,1,2.0,2,1,0
5||cameron mathison||edyta sliwinska,5,Cameron Mathison,38,0.1334727953263009,International,International,Actor/Actress,Actor/Actress,Edyta Sliwinska,-0.1650547668800873,0.06328464708403159,-0.35298966690523426,8,1,8.0,8,1,0
5||floyd mayweather jr.||karina smirnoff,5,Floyd Mayweather Jr. ,30,-0.48816905393346904,Midwest,US,Athlete,Athlete,Karina Smirnoff,-0.9251165188676248,0.04304872321345893,-0.4775438141094317,4,1,4.0,4,1,0
5||helio castroneves||julianne hough,5,Helio Castroneves,32,-0.33275859161852656,International,International,Racing Driver,Other_Industry,Julianne Hough,0.6521063062525508,0.13838180055673616,0.10924086766688193,10,0,,10,0,1
5||jane seymour||tony dovolani,5,Jane Seymour,56,1.5321669561607834,International,International,Actor/Actress,Actor/Actress,Tony Dovolani,-0.12251914504905773,0.07710958983642016,-0.2678957534430129,7,1,7.0,7,1,0
5||jennie garth||derek hough,5,Jennie Garth,35,-0.09964289814611284,Midwest,US,Actor/Actress,Actor/Actress,Derek Hough,0.11067338763339331,0.06635834754955698,-0.33407073131853765,9,1,9.0,9,1,0
5||josie maran||alec mazo,5,Josie Maran,29,-0.5658742850909403,West,US,Model,Model,Alec Mazo,-1.9259787655743696,0.0520272234544791,-0.4222802418680274,1,1,1.0,1,1,0
5||marie osmond||jonathan roberts,5,Marie Osmond,47,0.8328198757435421,West,US,Singer/Rapper,Singer/Rapper,Jonathan Roberts,-0.5189269331815135,0.06728174935558154,-0.3283871003060956,10,0,,10,0,1
5||mark cuban||kym johnson,5,Mark Cuban,49,0.9882303380584846,Northeast,US,TV Personality,Tv Personality,Kym Johnson,-1.1438349612694607,0.0440831265287763,-0.4711769576402832,5,1,5.0,5,1,0
5||mel b||maksim chmerkoskiy,5,Mel B,32,-0.33275859161852656,International,International,Singer/Rapper,Singer/Rapper,Maksim Chmerkoskiy,0.9725233426605417,0.3110847129762016,1.1722446679217884,10,0,,10,0,1
5||sabrina bryan||mark ballas,5,Sabrina Bryan,23,-1.0321056720357678,West,US,Actor/Actress,Actor/Actress,Mark Ballas,1.1045228246572767,0.4156865001630862,1.816079191239189,6,1,6.0,6,1,0
5||wayne newton||cheryl burke,5,Wayne Newton,65,2.2315140365780244,South,US,Singer/Rapper,Singer/Rapper,Cheryl Burke,-1.6037259746701924,0.05197245440394856,-0.4226173508839362,3,1,3.0,3,1,0
6||adam carolla||julianne hough,6,Adam Carolla,43,0.5219989511136571,West,US,Radio Personality,Other_Industry,Julianne Hough,-1.160321278791625,0.03986834237328722,-0.4971193781343691,4,1,4.0,4,1,0
6||cristian de la fuente||cheryl burke,6,Cristian de la Fuente,34,-0.17734812930358407,International,International,Actor/Actress,Actor/Actress,Cheryl Burke,-0.025155985300837003,0.04578281906169042,-0.4607151791071903,10,0,,10,0,1
6||jason taylor||edyta sliwinska,6,Jason Taylor,33,-0.2550533604610553,Northeast,US,Athlete,Athlete,Edyta Sliwinska,0.4369516041417536,0.04640590854387622,-0.4568800006600912,10,0,,10,0,1
6||kristi yamaguchi||mark ballas,6,Kristi Yamaguchi,36,-0.02193766698864159,West,US,Athlete,Athlete,Mark Ballas,1.3131769749003648,0.7041040172218341,3.5913180242061857,10,0,,10,0,1
6||mario||karina smirnoff,6,Mario,21,-1.1875161343507104,South,US,Singer/Rapper,Singer/Rapper,Karina Smirnoff,0.3177522971610335,0.05091253042489913,-0.42914128960579334,8,1,8.0,8,1,0
6||marissa jaret winokur||tony dovolani,6,Marissa Jaret Winokur,35,-0.09964289814611284,Northeast,US,Actor/Actress,Actor/Actress,Tony Dovolani,-0.6089804349706434,0.03912743552595028,-0.5016797343166733,9,1,9.0,9,1,0
6||marlee matlin||fabian sanchez,6,Marlee Matlin,42,0.4442937199561859,Midwest,US,Actor/Actress,Actor/Actress,Fabian Sanchez,-0.42979495378631344,0.04271146088508715,-0.47961969766993146,6,1,6.0,6,1,0
6||monica seles||jonathan roberts,6,Monica Seles,34,-0.17734812930358407,International,International,Athlete,Athlete,Jonathan Roberts,-1.505583910662315,0.0464242691468319,-0.45676698930177984,2,1,2.0,2,1,0
6||penn jillette||kym johnson,6,Penn Jillette,53,1.2990512626883695,Northeast,US,Magician,Other_Industry,Kym Johnson,-1.1223139425119177,0.0461432776916813,-0.4584965199766232,2,1,2.0,2,1,0
6||priscilla presley||louis van amstel,6,Priscilla Presley,62,1.9983983431056107,Northeast,US,Actor/Actress,Actor/Actress,Louis van Amstel,-0.014404103081136066,0.05407158689798158,-0.40969697920557097,5,1,5.0,5,1,0
6||shannon elizabeth||derek hough,6,Shannon Elizabeth,34,-0.17734812930358407,South,US,Actor/Actress,Actor/Actress,Derek Hough,0.13062168601011676,0.03944863122170377,-0.4997027424962794,7,1,7.0,7,1,0
6||steve guttenberg||anna trebunskaya,6,Steve Guttenberg,49,0.9882303380584846,Northeast,US,Actor/Actress,Actor/Actress,Anna Trebunskaya,-0.8924670474658631,0.043416602356903596,-0.47527948097203554,3,1,3.0,3,1,0
7||brooke burke||derek hough,7,Brooke Burke,37,0.05576756416882966,Northeast,US,TV Personality,Tv Personality,Derek Hough,1.298502967995108,0.6876915299728277,3.4902975140543098,10,0,,10,0,1
7||cloris leachman||corky ballas,7,Cloris Leachman,82,3.5525029662550356,Midwest,US,Actor/Actress,Actor/Actress,Corky Ballas,-1.367004871931055,0.040040599851349334,-0.49605911602739544,6,1,6.0,6,1,0
7||cody linley||julianne hough,7,Cody Linley,18,-1.420631827823124,South,US,Actor/Actress,Actor/Actress,Julianne Hough,-0.13327023365892768,0.04192928320881389,-0.4844340799562798,9,1,9.0,9,1,0
7||jeffrey ross||edyta sliwinska,7,Jeffrey Ross,43,0.5219989511136571,Northeast,US,Comedian,Comedian,Edyta Sliwinska,-2.424752737357063,0.0492048771147531,-0.43965206752362135,1,1,1.0,1,1,0
7||kim kardashian||mark ballas,7,Kim Kardashian,27,-0.7212847474058828,West,US,TV Personality,Tv Personality,Mark Ballas,-0.671369377332929,0.04861306273128865,-0.4432947445917431,2,1,2.0,2,1,0
7||lance bass||lacey schwimmer,7,Lance Bass,29,-0.5658742850909403,South,US,Singer/Rapper,Singer/Rapper,Lacey Schwimmer,0.28320674940693863,0.060482552104957274,-0.37023684339868324,10,0,,10,0,1
7||maurice greene||cheryl burke,7,Maurice Greene,34,-0.17734812930358407,Midwest,US,Athlete,Athlete,Cheryl Burke,-0.15804929460041037,0.038450424474186874,-0.5058468054491574,8,1,8.0,8,1,0
7||misty may-treanor||maksim chmerkoskiy,7,Misty May-Treanor,31,-0.4104638227759978,West,US,Athlete,Athlete,Maksim Chmerkoskiy,0.41995344579597244,0.06557656944768915,-0.3388826541842225,2,0,,2,0,1
7||rocco dispirito||karina smirnoff,7,Rocco DiSpirito,41,0.36658848879871464,Northeast,US,TV Personality,Tv Personality,Karina Smirnoff,-1.1329585890642913,0.041680649603464674,-0.4859644448103209,4,1,4.0,4,1,0
7||susan lucci||tony dovolani,7,Susan Lucci,61,1.9206931119481394,Northeast,US,Actor/Actress,Actor/Actress,Tony Dovolani,-0.09271307008528559,0.03714950242314306,-0.5138541115491042,7,1,7.0,7,1,0
7||ted mcginley||inna brayer,7,Ted McGinley,50,1.0659355692159558,West,US,Actor/Actress,Actor/Actress,Inna Brayer,-0.29046517166256447,0.049721346786005,-0.4364731447390205,1,1,1.0,1,1,0
7||toni braxton||alec mazo,7,Toni Braxton,40,0.2888832576412434,South,US,Singer/Rapper,Singer/Rapper,Alec Mazo,0.19616558846038992,0.06324318051311172,-0.3532448978208792,5,1,5.0,5,1,0
7||warren sapp||kym johnson,7,Warren Sapp,35,-0.09964289814611284,South,US,Athlete,Athlete,Kym Johnson,0.22668061939452583,0.052275812924109974,-0.4207501486737728,10,0,,10,0,1
8||belinda carlisle||jonathan roberts,8,Belinda Carlisle,50,1.0659355692159558,West,US,Singer/Rapper,Singer/Rapper,Jonathan Roberts,-0.5858117304676902,0.04332314393329145,-0.4758547269715023,2,1,2.0,2,1,0
8||chuck wicks||julianne hough,8,Chuck Wicks,29,-0.5658742850909403,South,US,Singer/Rapper,Singer/Rapper,Julianne Hough,0.07006000355374262,0.04216406692976968,-0.48298896253401064,8,1,8.0,8,1,0
8||david alan grier||kym johnson,8,David Alan Grier,52,1.2213460315308984,Midwest,US,Actor/Actress,Actor/Actress,Kym Johnson,-0.14303988608885027,0.040137222094527844,-0.4954643964002102,5,1,5.0,5,1,0
8||denise richards||maksim chmerkoskiy,8,Denise Richards,38,0.1334727953263009,Midwest,US,Actor/Actress,Actor/Actress,Maksim Chmerkoskiy,-0.33729069501942627,0.041827112126525505,-0.48506295324641235,3,1,3.0,3,1,0
8||gilles marini||cheryl burke,8,Gilles Marini,33,-0.2550533604610553,International,International,Actor/Actress,Actor/Actress,Cheryl Burke,1.0251077209376716,0.6172410530412413,3.056667741059201,11,0,,11,0,1
8||holly madison||dmitry chaplin,8,Holly Madison,30,-0.48816905393346904,West,US,TV Personality,Tv Personality,Dmitry Chaplin,-0.6786457892766902,0.0413866910608091,-0.48777378921327635,4,1,4.0,4,1,0
8||lawrence taylor||edyta sliwinska,8,Lawrence Taylor,50,1.0659355692159558,South,US,Athlete,Athlete,Edyta Sliwinska,-0.7137495225156096,0.038874509501229414,-0.5032365194437743,7,1,7.0,7,1,0
8||lil' kim||derek hough,8,Lil' Kim,34,-0.17734812930358407,Northeast,US,Singer/Rapper,Singer/Rapper,Derek Hough,0.6566200479780798,0.04804112314995843,-0.4468150902532775,9,1,9.0,9,1,0
8||melissa rycroft||tony dovolani,8,Melissa Rycroft,26,-0.7989899785633541,South,US,TV Personality,Tv Personality,Tony Dovolani,0.5294626081360398,0.08619934937486219,-0.21194736903303407,11,0,,11,0,1
8||shawn johnson||mark ballas,8,Shawn Johnson,17,-1.4983370589805953,Midwest,US,Athlete,Athlete,Mark Ballas,0.7712922621951633,0.07270716034698753,-0.2949931498450768,11,0,,11,0,1
8||steve wozniak||karina smirnoff,8,Steve Wozniak,58,1.6875774184757257,West,US,Entrepreneur,Other_Industry,Karina Smirnoff,-1.6336349470264067,0.04360419704726955,-0.4741248167803727,4,1,4.0,4,1,0
8||steve-o||lacey schwimmer,8,Steve-O,34,-0.17734812930358407,International,International,TV Personality,Tv Personality,Lacey Schwimmer,-1.347014004970961,0.042467271893337634,-0.4811227054801281,6,1,6.0,6,1,0
8||ty murray||chelsie hightower,8,Ty Murray,39,0.21117802648377215,West,US,Athlete,Athlete,Chelsie Hightower,-0.6828400355104953,0.041299168079846696,-0.48831250196611464,10,1,10.0,10,1,0
9||aaron carter||karina smirnoff,9,Aaron Carter,21,-1.1875161343507104,South,US,Singer/Rapper,Singer/Rapper,Karina Smirnoff,0.4383610809625985,0.09351839690328097,-0.16689789518247894,8,1,8.0,8,1,0
9||ashley hamiliton||edyta sliwinska,9,Ashley Hamiliton,34,-0.17734812930358407,West,US,Actor/Actress,Actor/Actress,Edyta Sliwinska,-1.2358495571227621,0.0441158548785252,-0.4709755113550309,1,1,1.0,1,1,0
9||chuck liddell||anna trebunskaya,9,Chuck Liddell,39,0.21117802648377215,West,US,Athlete,Athlete,Anna Trebunskaya,-0.8090387829010088,0.038403727892107095,-0.5061342276096428,4,1,4.0,4,1,0
9||debi mazar||maksim chmerkoskiy,9,Debi Mazar,45,0.6774094134285996,Northeast,US,Actor/Actress,Actor/Actress,Maksim Chmerkoskiy,-0.47326311867637644,0.038811528325630236,-0.5036241749156395,3,1,3.0,3,1,0
9||donny osmond||kym johnson,9,Donny Osmond,51,1.143640800373427,West,US,Singer/Rapper,Singer/Rapper,Kym Johnson,0.489721128763283,0.05865491283287155,-0.3814861469831158,10,0,,10,0,1
9||joanna krupa||derek hough,9,Joanna Krupa,30,-0.48816905393346904,International,International,Model,Model,Derek Hough,0.6514708130216074,0.06882919210022356,-0.3188624345364988,9,1,9.0,9,1,0
9||kathy ireland||tony dovolani,9,Kathy Ireland,46,0.7551146445860708,West,US,Model,Model,Tony Dovolani,-1.02501153030633,0.041756260347385096,-0.48549905307487473,2,1,2.0,2,1,0
9||kelly osbourne||louis van amstel,9,Kelly Osbourne,24,-0.9544004408782966,International,International,TV Personality,Tv Personality,Louis van Amstel,-0.19445067362075166,0.046190570995882155,-0.458205424931451,10,0,,10,0,1
9||louie vito||chelsie hightower,9,Louie Vito,21,-1.1875161343507104,Midwest,US,Athlete,Athlete,Chelsie Hightower,-0.6061033780123574,0.03902636568806555,-0.5023018293367136,6,1,6.0,6,1,0
9||macy gray||jonathan roberts,9,Macy Gray,42,0.4442937199561859,Midwest,US,Singer/Rapper,Singer/Rapper,Jonathan Roberts,-1.2358495571227621,0.0441158520025402,-0.47097552905700796,1,1,1.0,1,1,0
9||mark dacascos||lacey schwimmer,9,Mark Dacascos,45,0.6774094134285996,West,US,Actor/Actress,Actor/Actress,Lacey Schwimmer,-0.03806570035814375,0.04271733259822979,-0.4795835566848306,7,1,7.0,7,1,0
9||melissa joan hart||mark ballas,9,Melissa Joan Hart,33,-0.2550533604610553,Northeast,US,Actor/Actress,Actor/Actress,Mark Ballas,-0.2194382858358165,0.03881339388853415,-0.5036126921882859,6,1,6.0,6,1,0
9||michael irvin||anna demidova,9,Michael Irvin,43,0.5219989511136571,South,US,Athlete,Athlete,Anna Demidova,-1.1617894878562167,0.04020295367303507,-0.49505981192174914,7,1,7.0,7,1,0
9||mya||dmitry chaplin,9,Mya,29,-0.5658742850909403,South,US,Singer/Rapper,Singer/Rapper,Dmitry Chaplin,1.206563202967829,0.5752059510468799,2.797937459455262,10,0,,10,0,1
9||natalie coughlin||alec mazo,9,Natalie Coughlin,27,-0.7212847474058828,West,US,Athlete,Athlete,Alec Mazo,0.2989885504486887,0.04426801560304,-0.47003894678792096,5,1,5.0,5,1,0
9||tom delay||cheryl burke,9,Tom DeLay,62,1.9983983431056107,South,US,Politician,Other_Industry,Cheryl Burke,-1.1178341117204633,0.040420461206864496,-0.4937210311692672,3,0,,3,0,1
